"id","ampep","rfampep30","number_of_positives","sequence"
"00028",0,1,1,"CLGIGSCNDFAGCGYAVVCFW"
"00035",0,1,1,"KSSAYSLQMGATAIKQVKKLFKKWGW"
"00145",1,-1,1,"VNYGNGVSCSKTKCSVNWGQAFQERYTAGINSFVSGVASGAGSIGRRP"
"00199",1,-1,1,"KYYGNGVHCTKSGCSVNWGEAFSAGVHRLANGGNGFW"
"00204",0,-1,0,"ITSISLCTPGCKTGALMGCNMKTATCNCSIHVSK"
"00205",0,-1,0,"ITSISLCTPGCKTGALMGCNMKTATCHCSIHVSK"
"00206",0,-1,0,"WKSESLCTPGCVTGALQTCFLQTLTCNCKISK"
"00207",0,-1,0,"TAGPAIRASVKQCQKTLKATRLFTVSCKGKNGCK"
"00480",0,1,1,"GGAGHVPEYFVGIGTPISFYG"
"00499",1,1,2,"VGALAVVVWLWLWLW"
"00529",0,-1,0,"WKSESVCTPGCVTGVLQTCFLQTITCNCHISK"
"00530",1,1,2,"VLSKSLCTPGCITGPLQTCYLCFPTFAKC"
"00590",0,1,1,"CLGIGSCNDFAGCGYAIVCFW"
"00594",0,-1,0,"EGTWQHGYGVSSAYSNYHHGSKTHSATVVNNNTGRQGKDTQRAGVWAKATVGRNLTEKASFYYNFW"
"00631",1,-1,1,"KYYGNGVSCNKKGCSVDWGKAIGIIGNNSAANLATGGAAGWSK"
"00632",1,-1,1,"KYYGNGVSCNKNGCTVDWSKAIGIIGNNAAANLTTGGAAGWNKG"
"00633",1,-1,1,"KYYGNGVHCGKHSCTVDWGTAIGNIGNNAAANWATGGNAGWNK"
"00634",1,-1,1,"KYYGNGVTCGKHSCSVDWGKATTCIINNGAMAWATGGHQGNHKC"
"00635",1,-1,1,"KYYGNGVHCTKSGCSVNWGEAASAGIHRLANGGNGFW"
"00636",1,-1,1,"AISYGNGVYCNKEKCWVNKAENKQAITGIVIGGWASSLAGMGH"
"00637",1,-1,1,"ARSYGNGVYCNNKKCWVNRGEATQSIIGGMISGWASGLAGM"
"00673",0,1,1,"VGSRYLCTPGSCWKLVCFTTTVK"
"00674",0,1,1,"ITSVSWCTPGCTSEGGGSGCSHCC"
"00726",0,1,1,"NVGVLNPPPLV"
"00766",1,-1,1,"IYWIADQFGIHLATGTARKLLDAMASGASLGTAFAAILGVTLPAWALAAAGALGATAA"
"00767",0,-1,0,"VAGALGVQTAAATTIVNVILNAGTLVTVLGIIASIASGGAGTLMTIGWATFKATVQKLAKQSMARAIAY"
"00768",1,-1,1,"PNWTKIGKCAGSIAWAIGSGLFGGAKLIKIKKYIAELGGLQKAAKLLVGATTWEEKLHAGGYALINLAAELTGVAGIQANCF"
"00807",1,-1,1,"NRWYCNSAAGGVGGAAGCVLAGYVGEAKENIAGEVRKGWGMAGGFTHNKACKSFPGSGWASG"
"00841",1,-1,1,"TTHSGKYYGNGVYCTKNKCTVDWAKATTCIAGMSIGGFLGGAIPGKC"
"00842",1,-1,1,"TKYYGNGVYCNSKKCWVDWGQASGCIGQTVVGGWLGGAIPGKC"
"00843",1,-1,1,"TKYYGNGVYCNSKKCWVDWGTAQGCIDVVIGQLGGGIPGKGKC"
"00844",1,-1,1,"KYYGNGVTCGKHSCSVDWGKATTCIINNGAMAWATGGHQGTHKC"
"00845",1,-1,1,"KSYGNGVHCNKKKCWVDWGSAISTIGNNSAANWATGGAAGWKS"
"00846",1,-1,1,"KYYGNGVSCNKKGCSVDWGKAIGIIGNNSAANLATGGAAGWKS"
"00847",1,-1,1,"KYYGNGLSCNKSGCSVDWSKAISIIGNNAVANLTTGGAAGWKS"
"00848",1,-1,1,"KNYGNGVHCTKKGCSVDWGYAWANIANNSVMNGLTGGNAGWHN"
"00849",1,-1,1,"TSYGNGVHCNKSKCWIDVSELETYKAGTVSNPKDILW"
"00850",1,-1,1,"KYYGNGVSCNSHGCSVNWGQAWTCGVNHLANGGHGVC"
"00851",1,-1,1,"KYYGNGVTCGKHSCSVNWGQAFSCSVSHLANFGHGKC"
"00852",1,-1,1,"KYYGNGLSCSKKGCTVNWGQAFSCGVNRVATAGHHKC"
"00853",1,-1,1,"ATRSYGNGVYCNNSKCWVNWGEAKENIAGIVISGWASGLAGMGH"
"00854",1,-1,1,"ATYYGNGLYCNKQKCWVDWNKASREIGKIIVNGWVQHGPWAPR"
"00865",1,-1,1,"SLQYVMSAGPYTWYKDTRTGKTLCKQTIDTASYTFGVMAEGWGKTFH"
"00923",1,-1,1,"AISYGNGVYCNKEKCWVNKAENKQAITGIVIGGWASSLAGMGH"
"00927",1,-1,1,"IYFIADKMGIQLAPAWYQDIVNWVSAGGTLTTGFAIIVGVTVPAWIAEAAAAFGIASA"
"00928",1,-1,1,"NKGCATCSIGAACLVDGPIPDFEIAGATGLFGLWG"
"00929",1,-1,1,"MAKEFGIPAAVAGTVINVVEAGGWVTTIVSILTAVGSGGLSLLAAAGRESIKAYLKKEIKKKGKRAVIAW"
"00930",1,-1,1,"KPAWCWYTLAMCGAGYDSGTCDYMYSHCFGVKHSSGGGGSYHC"
"00931",1,-1,1,"LAGYTGIASGTAKKVVDAIDKGAAAFVIISIISTVISAGALGAVSASADFIILTVKNYISRNLKAQAVIW"
"00932",1,-1,1,"IYWIADQFGIHLATGTARKLLDAVASGASLGTAFAAILGVTLPAWALAAAGALGATAA"
"00995",1,0,1,"GSEIQPR"
"00996",0,1,1,"ISLEICAIFHDN"
"00997",0,-1,0,"ITSISLCTPGCKTGVLMGCNLKTATCNCSVHVSK"
"00998",0,-1,0,"ALQFIQNTASGALYYNTKTHKYQYQQTSGAMGAAINVFNQQGINW"
"01000",0,1,1,"GSGVIPTISHECHMNSFQFVFTCCS"
"01001",0,1,1,"NRWWQGVVPTVSYECRMNSWQHVFTCC"
"01002",1,1,2,"KSWSLCTPGCARTGSFNSYCC"
"01003",1,1,2,"FKSWSFCTPGCAKTGSFNSYCC"
"01004",0,1,1,"DWTAWSALVAAACSVELL"
"01131",1,-1,1,"MSWLNFLKYIAKYGKKAVSAAWKYKGKVLEWLNVGPTLEWVWQKLKKIAGL"
"01137",0,1,1,"CLGVGSCNDFAGCGYAVVCFW"
"01138",0,1,1,"CLGVGSCNDFAGCGYAIVCFW"
"01151",0,-1,0,"GTWDDIGQGIGRVAYWVGKALGNLSDVNQASRINRKKKH"
"01152",0,-1,0,"SIWGDIGQGVGKAAYWVGKAMGNMSDVNQASRINRKKKH"
"01154",1,-1,1,"AIKLVQSPNGNFAASFVLDGTKWIFKSKYYDSSKGYWVGIYEVWDRK"
"01155",1,-1,1,"ESVFSKIGNAVGPAAYWILKGLGNMSDVNQADRINRKKH"
"01156",0,1,1,"NKLAYNMGHYAGKATIFGLAAWALLA"
"01165",1,-1,1,"MINRTDCNENSYLEIHNNEGRDTLCFANAGTMPVAIYGVNWVESGNNVVTLQFQRNLSDPRLETITLQKWGSWNPGHIHEILSIRIY"
"01167",1,1,2,"LTTKLWSSWGYYLGKKARWNLKHPYVQF"
"01168",0,-1,0,"LVAYGIAQGTAEKVVSLINAGLTVGSIISILGGVTVGLSGVFTAVKAAIAKQGIKKAIQL"
"01169",0,-1,0,"NRWGDTVLSAASGAGTGIKACKSFGPWGMAICGVGGAAIGGYFGYTHN"
"01170",1,-1,1,"YSSKDCLKDIGKGIGAGTVAGAAGGGLAAGLGAIPGAFVGAHFGVIGGSAACIGGLLGN"
"01171",1,-1,1,"YSGKDCLKDMGGYALAGAGSGALWGAPAGGVGALPGAFVGAHVGAIAGGFACMGGMIGNKFN"
"01172",1,-1,1,"KRGPNCVGNFLGGLFAGAAAGVPLGPAGIVGGANLGMVGGALTCL"
"01173",1,-1,1,"KRGPNCVGNFLGGLFAGAAAGVPLGPAGIVGGANLGMVGGALTCL"
"01174",0,-1,0,"KVSGGEAVAAIGICATASAAIGGLAGATLVTPYCVGTWGLIRSH"
"01175",0,-1,0,"GMSGYIQGIPDFLKGYLHGISAANKHKKGRLGY"
"01176",0,1,1,"TTPACFTIGLGVGALFSAKFC"
"01177",1,1,2,"FNRGGYNFGKSVRHVVDAIGSVAGILKSIR"
"01178",1,1,2,"GAWKNFWSSLRKGFYDGEAGRAIRR"
"01179",1,-1,1,"NGVYCNKQKCWVDWSRARSEIIDRGVKAYVNGFTKVLGGIGGR"
"01180",0,1,1,"NPKVAHCASQIGRSTAWGAVSGA"
"01181",1,1,2,"AYPGNGVHCGKYSCTVDKQTAIGNIGNNAA"
"01182",0,-1,0,"FTPSVSFSQNGGVVEAAAQRGYIYKKYPKGAKVPNKVKMLVNIRGKQTMRTCYLMSWTASSRTAKYYYYI"
"01183",1,-1,1,"ATYYGNGLYCNKEKCWVDWNQAKGEIGKIIVNGWVNHGPWAPRR"
"01184",1,-1,1,"ATYYGNGLYCNKEKCWVDWNQAKGEIGKIIVNGWVNHGPWAPRR"
"01185",1,-1,1,"ENDHRMPNNLNRPNNLSKGGAKCGAAIAGGLFGIPKGPLAWAAGLANVYSKCN"
"01186",1,-1,1,"KTYYGTNGVHCTKKSLWGKVRLKNVIPGTLCRKQSLPIKQDLKILLGWATGAFGKTFH"
"01187",1,-1,1,"MNFLKNGIAKWMTGAELQAYKKKYGCLPWEKISC"
"01188",1,-1,1,"MLAKIKAMIKKFPNPYTLAAKLTTYEINWYKQQYGRYPWERPVA"
"01189",0,-1,0,"APAGLVAKFGRPIVKKYYKQIMQFIGEGSAINKIIPWIARMWRT"
"01190",1,-1,1,"MGAIAKLVAKFGWPIVKKYYKQIMQFIGEGWAINKIIEWIKKHI"
"01191",1,-1,1,"MGAIAKLVAKFGWPIVKKYYKQIMQFIGEGWAINKIIDWIKKHI"
"01192",0,-1,0,"SDCNINSNTAADVILCFNQVGSCALCSPTLVGGPVP"
"01193",1,-1,1,"DIDITGCSACKYAAGQVCTIGCSAAGGFICGLLGITIPVAGLSCLGFVEIVCTVADEYSGCGDAVAKEACNRAGLC"
"01194",0,1,1,"CSTNTFSLSDYWGNNGAWCTLTHECMAWCK"
"01195",0,1,1,"KRGSGWIATITDDCPNSVFVCC"
"01196",1,-1,1,"GETDPNTQLLNDLGNNMAWGAALGAPGGLGSAALGAAGGALQTVGQGLIDHGPVNVFIPVLIGPSWNGSGSGYNSATSSSGSGS"
"01197",1,-1,1,"ATYYGNGLYCNKEKCWVDWNQAKGEIGKIIVNGWVNHGPWAPRR"
"01198",0,-1,0,"LSCDEGMLAVGGLGAVGGPWGAAVGVLVGAALYCF"
"01199",1,-1,1,"KYYGNGVHCGKKTCYVDWGQATASIGKIIVNGWTQHGPWAHR"
"01200",0,1,1,"GGGVIQTISHECRMNSWQFLFTCCS"
"01201",0,1,1,"KGGSGVIHTISHECNMNSWQFVFTCCS"
"01202",0,1,1,"KGGSGVIHTISHEVIYNSWNFVFTCCS"
"01203",0,1,1,"KKKSGVIPTVSHDCHMNSFQFVFTCCS"
"01204",0,1,1,"GKNGVFKTISHECHLNTWAFLATCCS"
"01205",0,-1,0,"STPVLASVAVSMELLPTASVLYSDVAGCFKYSAKHHC"
"01206",0,1,1,"CTFTLPGGGGVCTLTSECIC"
"01224",1,1,2,"VGALAVVVWLFLWLW"
"01225",0,1,1,"VGALAVVVWLYLWLW"
"01226",1,0,1,"MRTGNAD"
"01227",0,-1,0,"VGIGGGGGGGGGGSCGGQGGGCGGCSNGCSGGNGGSGGSGSHI"
"01228",1,-1,1,"ASGRDIAMAIGTLSGQFVAGGIGAAAGGVAGGAIYDYASTHKPNPAMSPSGLGGTIKQKPEGIPSEAWNYAAGRLCNWSPNNLSDVCL"
"01229",1,-1,1,"GDVNWVDVGKTVATNGAGVIGGAFGAGLCGPVCAGAFAVGSSAAVAALYDAAGNSNSAKQKPEGLPPEAWNYAEGRMCNWSPNNLSDVCL"
"01230",1,-1,1,"DGNDGQAELIAIGSLAGTFISPGFGSIAGAYIGDKVHSWATTATVSPSMSPSGIGLSSQFGSGRGTSSASSSAGSGS"
"01231",0,-1,0,"GGAPATSANAAGAAAIVGALAGIPGGPLGVVVGAVSAGLTTGIGSTVGSGSASSSAGGGS"
"01232",0,-1,0,"MNLNGLPASTNVIDLRGKDMGTYIDANGACWAPDTPSIIMYPGGSGPSYSMSSSTSSANSGS"
"01283",1,1,2,"MRKEFHNVLSSGQLLADKRPARDYNRK"
"01285",1,-1,1,"GDPLADPNSQIVRQIMSNAAWGAAFGARGGLGGMAVGAAGGVTQTVLQGAAAHMPVNVPIPKVPMGPSWNGSKG"
"01329",1,0,1,"KQQLATEAESAGPIL"
"01464",1,-1,1,"VNPSYRLDPESRPQCEAHCGQLGMRLGAIVIMGTATGCVCEPKEAATPESR"
"01493",1,1,2,"ASIIKTTIKVSKAVCKTLTCICTGSCSNCK"
"01495",1,1,2,"IASKFICTPGCAKTGSFNSYCC"
"01511",0,-1,0,"TITLSTCAILSKPLGNNGYLCTVTKECMPSSCN"
"01569",0,-1,0,"SNDSLWYGVGQEMGKQANCITNHPVKHMIIPGYCSKILG"
"01570",0,1,1,"GNAACVIGCIGSCVISEGIGSLVGTAFTLG"
"01593",1,1,2,"CKQSCSFGPFTFVCDGNTK"
"01594",1,0,1,"CRQSCSFGPLTFVCDGNTK"
"01595",0,1,1,"CANSCSYGPLTWSCDGNTK"
"01596",1,1,2,"CRQSCSFGPFTFVCDGNTK"
"01600",1,-1,1,"RARAPHKAWYNCMTDAGISGAIAGAVAGCAATIEIGCVEGAIAGIGPSGIASMIAALWTCRSKY"
"01603",0,1,1,"SSSGWLCTLTIECGTIICACR"
"01604",1,-1,1,"DAPGHPGKHYLQVNVPSDVRTIGVAGGGVQQCFRVTPGAWNDTRALVSNGAQVEVWGYTVADCANRTTANQKYYDKAAAPSDSSTYFWFTLKNLRV"
"01605",0,1,1,"SSGWVCTLTIECGTVICAC"
"01606",0,-1,0,"GLGKAQCAALWLQCASGGTIGCGGGAVACQNYRQFCR"
"01607",1,-1,1,"ADRGWIKTLTKDCPNVISSICAGTIITACKNCA"
"01608",1,-1,1,"ADRGWIKTLTKDCPNVISSICAGTIITACKNCA"
"01609",1,1,2,"KCKWWNISCDLGNNGHVCTLSHECQVSCN"
"01610",1,1,2,"CSTNTFSLSDYWGNKGNWCTATHECMSWCK"
"01611",1,1,2,"IASKFLCTPGCAKTGSFNSYCC"
"01612",1,-1,1,"SASIVKTTIKASKKLCRGFTLTCGCHFTGKK"
"01615",1,-1,1,"SASVLKTSIKVSKKYCKGVTLTCGCNITGGK"
"01616",1,1,2,"SLGPAIKATRQVCPKATRFVTVSCKKSDCQ"
"01617",0,1,1,"VTSWSLCTPGCTSPGGGSNCSFCC"
"01618",1,-1,1,"GTTVVNSTFSIVLGNKGYICTVTVECMRNCSK"
"01621",1,1,2,"CAWYNISCRLGNKGAYCTLTVECMPSCN"
"01632",0,1,1,"ATPATPTVAQFVIQGSTICLVC"
"01647",1,1,2,"RCTCTTIISSSSTF"
"01651",0,-1,0,"LVATGMAAGVAKTIVNAVSAGMDIATALSLFSGAFTAAGGIMALIKKYAQKKLWKQLIAA"
"01652",1,-1,1,"LIDHLGAPRWAVDTILGAIAVGNLASWVLALVPGPGWAVKAGLATAAAIVKHQGKAAAAAW"
"01712",0,-1,0,"WKSESVCTPGCVTGLLQTCFLQTITCNCKISK"
"01724",0,0,0,"GTPGFQTPDARVISRFGFN"
"01728",0,1,1,"GSQLVYREWVGHSNVIKP"
"01729",0,1,1,"GSQLVYREWVGHSNVIKGPP"
"01761",1,-1,1,"KPAWCWYTLAMCGAGYDSGTCDYMYSHCFGIKHHSSGSSSYHC"
"01767",0,-1,0,"LVNQLGISKSLANTILGAIAVGNLASWVLALVPGPGWATKAALATAETIVKHEGKAAAIAW"
"01955",1,-1,1,"EYHLMNGANGYLTRVNGKTVYRVTKDPVSAVFGVISNCWGSAGAGFGPQH"
"01963",1,-1,1,"ACQCPDAISGWTHTDYQCHGLENKMYRHVYAICMNGTQVYCRTEWGSSC"
"01969",1,1,2,"GPVGLLSSPGSLPPVGGAP"
"01970",0,0,0,"EGPVGLADPDGPASAPLGAP"
"01971",1,-1,1,"VTSKSLCTPGCITGVLMCLTQNSCVSCNSCIRC"
"01972",0,1,1,"STIVCVSLRICNWSLRFCPSFKVRCPM"
"01993",1,-1,1,"TNWKKIGKCYAGTLGSAVLGFGAMGPVGYWAGAGVGYASFC"
"01994",1,1,2,"ISVCITVC"
"01995",0,-1,0,"ECELAKVDGGYTPKNCAMAVGGGMLSGAIRGGMSGTVFGVGTGNLAGAFAGAHIGLVAGGLACIGGYLGSH"
"01996",0,0,0,"EDGLHPRLCSC"
"01997",0,1,1,"TPGGIDFISGGPHVAQDVLNAIKNFFK"
"02014",1,-1,1,"GNANSNYEGGGSRSRNTGARNSLGRNAPTHIYSDPSTVKCANAVFSGMVGGAIKGGPVGMTRGTIGGAVIGQCLSGGGNGNGGGNRAGSSNCSGSNVGGTCSR"
"02015",1,-1,1,"NANSNFEGGPRNDRSSGARNSLGRNAPTHIYSDPSTVKCANAVFSGMIGGAIKGGPIGMARGTIGGAVVGQCLSDHGSGNGSGNRGSSSSCSGNNVGGTCNR"
"02028",1,1,2,"KRKCPKTPFDNTPGAWFAHLILGC"
"02029",0,1,1,"DSIRDVSPTFNKIRRWFDGLFK"
"02052",0,1,1,"TPALAVVTTVLPAAAVTTAKSV"
"02053",0,0,0,"GLSQGVEPDIGQTYFEESRINQD"
"02074",1,-1,1,"MAKEFGIPAAVAGTVINVVVAGGWVTTIVSILTAVGSGGLSLLAAAGRESIKAYLKKEIKKKGKRAVIAW"
"02104",0,1,1,"MQFITDLIKKAVDFFKGLFGNK"
"02105",0,1,1,"MAADIISTIGDLVKLIINTVKKFQK"
"02117",0,-1,0,"VLSIVACSSGCGSGKTAASCVETCGNRCFTNVGSLC"
"02130",1,-1,1,"GSGPTYCWNEANNPGGPNRCSNNKQCDGARTCSSSGFCQGTSRKPDPGPKGPTYCWDEAKNPGGPNRCSNSKQCDGARTCSSSGFCQGTAGHAAA"
"02131",0,-1,0,"LGKFSQTCYNSAIQGSVLTSTCERTNGGYNTSSIDLNSVIENVDGSLKWQPSNFIETCRNTQLAGSSELAAECKTRAQQFVSTKINLDDHIANIDGTLKYE"
"02132",1,-1,1,"MASYKVNIPAGPLWSNAEAQQVGPKIAAAHQGNFTGQWTTVVESAMSVVEVELQVENTGIHEFKTDVLAGPLWSNDEAQKLGPQIAASYGAEFTGQWRTIVEGVMSVIQIKYTF"
"02143",1,1,2,"YSLQMGATAIKQVKKLFKKKGG"
"02164",0,1,1,"ASSGWVCTLTIECGTVICACR"
"02165",1,1,2,"ITSFIGCTPGCGKTGSFNSFCC"
"02189",1,1,2,"TVVTNA"
"02190",1,1,2,"TVVTQA"
"02191",1,1,2,"TVYTNA"
"02192",1,0,1,"TVYTQA"
"02193",1,1,2,"YSKSLPLSVLNP"
"02194",1,0,1,"NRWCFAGDD"
"02201",0,1,1,"KIKFLKVLT"
"02203",0,0,0,"WNDTGKDADGSEY"
"02204",0,1,1,"KTKKKLLKKT"
"02220",0,-1,0,"NKGCAICSIGAACLVDGPIPDFEIAGATGLFGLWG"
"02221",0,1,1,"ASSGWVCTLTIECGTVICACR"
"02242",0,-1,0,"TWATIGKTIVQSVKKCRTFTCGCSLGSCSNCN"
"02243",0,1,1,"VKLFPVKLFP"
"02246",1,-1,1,"MAKEFGIPAAVAGTVLNVVEAGGWVTTIVSILTAVGSGGLSLLAAAGRESIKAYLKKEIKKKGKRAVIAW"
"02247",1,-1,1,"MAGFLKVVQLLAKYGSKAVQWAWANKGKILDWLNAGQAIDWVVSKIKQILGIK"
"02248",1,-1,1,"FKKKKRNIGTFVFFAIALFCTVMFAYLLLTNQYVPIDYNVPRYA"
"02249",0,0,0,"FISQIISTARI"
"02250",0,1,1,"MKTILRFVAGYDIASHKKKTGGYPWERGKA"
"02251",1,-1,1,"MWGRILAFVAKYGTKAVQWAWKNKWFLLSLGEAVFDYIRSIWGG"
"02252",1,-1,1,"IGTTVVNSTFSIVLGNKGYICTVTVECMRNCQ"
"02253",0,-1,0,"MGAIAKLVAKFGWPFIKKFYKQIMQFIGQGWTIDQIEKWLKRH"
"02254",1,-1,1,"ATISSPDAVAAAAYTPYFEIYYGPNCASASRVYTGVNRGEAWINDTFNNTETGTAGYGQKIRNNAASIRTWNVQSVNIKGNDGTYIAFSSQGACVPLDSRFGNRRNNNIGWQTVPLGGFSN"
"02308",0,1,1,"GNGVVLTLTHECNLATWTKKLKCC"
"02320",1,-1,1,"KTYYGTNGVHCTKNSLWGKVRLKNMKYDQNTTYMGRLQDILLGWATGAFGKTFH"
"02321",0,-1,0,"TNYGNGVGVPDAIMAGIIKLIFIFNIRQGYNFGKKAT"
"02323",0,1,1,"KRKKHRCRVYNNGMPTGMYRWC"
"02324",1,-1,1,"VFHAYSARGNYYGNCPANWPSCRNNYKSAGGK"
"02333",1,1,2,"KIIFLIAI"
"02336",1,0,1,"EKYTEVPEYV"
"02346",1,0,1,"GLEESPGHPGQPGPPGPPGAPGP"
"02347",1,1,2,"KVTKSVKSIPVKI"
"02348",0,1,1,"TTPLCVGVIIGLTTSIKICK"
"02349",0,1,1,"TTPLCVGVIIGITASIKICK"
"02359",0,1,1,"ITSHSLCTPGCAKTGSFNSFCC"
"02360",1,-1,1,"MVALLKSLERRRLMITISTMLQFGLFLIALIGLVIKLIELSNKK"
"02361",0,-1,0,"MITISTMLQFGLFLIALIGLVIKLIELSNKK"
"02370",1,1,2,"FCKSLPLPLSVK"
"02372",1,1,2,"WAIVLL"
"02376",1,0,1,"GLRRLFADQLVGRRNI"
"02378",0,1,1,"ELLVDLL"
"02379",0,1,1,"ELLVDLL"
"02380",0,1,1,"ELLVDLL"
"02394",0,-1,0,"DWTCWSCLVCAACSVELLNLVTAATGASTAS"
"02395",0,0,0,"DWTFANWSCLVCDDCSVNLTV"
"02396",0,-1,0,"LASTLGISTAAAKKAIDIIDAASTIASIISLIGIVTGAGAISYAIVATAKTMIKKYGKKYAAAW"
"02397",0,-1,0,"CWSCMGHSCWSCMGHSCWSCAGHSCWSCMGHSCWSCMGHSCWSCAGHCCGSCWHGGM"
"02398",1,-1,1,"YPYNSTSNVKRIPVSVHFTASQCREIASRGASISEWTTWTSLIAGFGKGTAFLGALTALYGYGVSKNLSVFLTAANRGTGLTISYTYVIPPYTNIGSFENTRISYY"
"02399",0,-1,0,"ESISVAGGTWNYGYGVGQAYSHYKHDYNNHGAKVVNSNNGVKDYKNAGPGVWAKASIGTVWDPATFYYNPTGFYSN"
"02402",0,-1,0,"IGGALGNALNGLGTWANMMNGGGFVNQWQVYANKGKINQYRPY"
"02408",0,1,1,"VTSWSLCTPGCTSPGGGSNCSFCC"
"02410",0,1,1,"DWTCWSCLVCAACS"
"02418",0,1,1,"QWGGG"
"02429",0,1,1,"KTKQQFLIKAQTQLFKVFGYTL"
"02431",0,0,0,"TPPQS"
"02432",0,1,1,"APVPFSCTRGCLTHLV"
"02433",0,-1,0,"GDINGEFTTSPACVYSVMVVSKASSAKCAAGASAVSGAILSAIRC"
"02441",0,0,0,"ATQSHQ"
"02450",1,0,1,"EKYTEAPEYI"
"02520",0,-1,0,"LGSCVANKIKDEFFAMISISAIVKAAQKKAWKELAVTVLRFAKANGLKTNAIIVAGQLALWAVQCGLS"
"02524",0,1,1,"GDCGGTCTWTKDCSICPSWSCWSWSC"
"02525",0,1,1,"SDWSLWECCSTGSLFACC"
"02526",0,1,1,"SNASVWECCSTGSWVPFTCC"
"02543",1,0,1,"GRADYNFGYGLGRGTRKFFNGIGRWVRKTF"
"02572",1,1,2,"WLLING"
"02573",1,1,2,"WLLVNG"
"02574",1,1,2,"WLVING"
"02575",1,1,2,"WLIING"
"02576",1,1,2,"WLLINK"
"02577",1,1,2,"WLLVNK"
"02578",1,1,2,"WGNVLL"
"02581",0,-1,0,"LQSNININTAAAVILIFNQVQVGALCAPTPVSGGGPVP"
"02582",1,-1,1,"DIDITGCSACKYAAGQVCTIGCSAAGGFICGLLGITIPVAGLSSLGFFVITCTTSADYYSIPDSNAAK"
"02584",1,-1,1,"LTANLGISSYAAKKVIDIINTGSAVATIIALVTAVVGGGLITAGIVATAKSLIKKYGAKYAAAW"
"02586",0,-1,0,"SLGVTLGAAGLYTATQTIATQIWKCGAVLTTSAECSRTGNSC"
"02587",0,-1,0,"SLGVTLGAAGVYTATQTIATQIWKCGAVLTTSAECSRTGNSC"
"02588",0,-1,0,"SLGVTLGAAGVYTATQTIATQIWKCGAVLTTSAECSRTGKSC"
"02646",0,1,1,"GKNGVFKTISHECHMNSWQFLFTCCS"
"02649",1,1,2,"VAVLVLGA"
"02677",0,0,0,"FWQKMSFA"
"02678",0,1,1,"SSSLLNTAWRKFG"
"02688",1,1,2,"VPSLPLVPLG"
"02693",0,1,1,"GNGVIKTVSHECKMNTWQFLFTCCS"
"02696",1,0,1,"QGGQANQ"
"02719",0,1,1,"GFGSKPLDSFGLNFF"
"02720",0,1,1,"GFGSKPIDSFGLSWL"
"02725",0,-1,0,"INTWNTTATSTSIIISETFGNKGKVCTYTVECVNNCRG"
"02726",1,1,2,"WTTIVKVSKAVCKTGTCICTTSCSNCK"
"02728",0,1,1,"CVWGGDCTDFLGCGTAWICV"
"02741",1,0,1,"CEWYNISCQLGNKGQWCTLTKECQRSCK"
"02768",1,0,1,"SMSGFSKPHD"
"02777",1,1,2,"VKGSWSKKFEVIA"
"02778",0,-1,0,"VLSIVACSSGCGSGKTAASCVATCGNKCFTNVGSLC"
"02779",0,1,1,"GKGSWSKKIEVIA"
"02799",1,1,2,"KCSWWNASCHLGNNGKICTVSHECAAGCNL"
"02800",0,-1,0,"ATPTITTSSATCGGIIVAASAAQCPTLACSSRCGKRKK"
"02801",1,1,2,"ASVVKTTIKASKKLCKGATLTCGCNITGKK"
"02829",1,-1,1,"ATYYGNGLYCNKEKCWVDWNQAKGEIGKIIVNGWVNHGPWAPR"
"02831",1,-1,1,"WGWKEVVQNGQTIFSAGQKLGNMVGKIVPLPFG"
"02877",0,1,1,"ITPATPFTPAIITEITAAVIA"
"02887",0,0,0,"GLEETVYIYGANMAS"
"02895",0,-1,0,"SMATPHVAGAAALILSKHPTWTNAQVRDRLESTATYLGNSFYYGK"
"02902",1,-1,1,"MWGRILGTVAKYGPKAVSWAWQHKWELINMGDLAFRYIQRIWG"
"02905",0,1,1,"FTVATFI"
"02914",1,-1,1,"MKFKFNPTGTIVKKLTQYEIAWFKNKHGYYPWEIPRC"
"02925",1,-1,1,"NKGCSACAIGAACLADGPIPDFEVAGITGTFGIAS"
"02926",0,1,1,"ASVVNKLTGGVAGLLK"
"02928",1,1,2,"KTKKKFLKKT"
"02954",1,-1,1,"IVWIAKQFGVHLTTSLTQKALDLLSAGSSLGTVAAAVLGVTLPAWAVAAAGALGGTAA"
"02955",0,1,1,"GNGVLKTISHECNMNTWQFLFTCC"
"02956",0,-1,0,"AGCICSGSVAVANSHNAGPAYCVGYCGNNGAVTRNANANLARTA"
"02957",0,-1,0,"AGCVCSGTVAVANSHNAGPAYCVGYCGNNGEVTRNANYNIARRS"
"02978",1,1,2,"VSGPAGPPGTH"
"02979",0,0,0,"VGPGAINAGTYLVSRELFER"
"03013",0,1,1,"GNPLKLFLPSTWVHFFKFLR"
"03060",0,1,1,"GGVGKIIEYFIGGGVGRYG"
"03074",0,-1,0,"IGGALGNALAGLGNGLKQWNTTGFSEYNIGGGKVNNGKAPTSIPAYNPYGH"
"03075",0,-1,0,"HWIGDVLGAIGGAAHPVNPQKVVDQLNGKPAIKPHSCSPYGTGGTPNSCNW"
"03076",0,-1,0,"KLTFIQSTAAGDLYYNTNTHKYVYQQTQNAFGAAANTIVNGWMGGAAGGFGLHH"
"03088",0,-1,0,"WKSESVCTPGCVTGILQTCFLQSITCNCRLSK"
"03103",0,-1,0,"WGCVCSGSTAVANSHNAGPAYCVGYCGNNGVVTRNANANVAKTA"
"03132",1,-1,1,"MSKVISALSKYGPKAVNWAKNHKGQIANWLLHGLSIPDIVQNVKNAVGIK"
"03138",0,-1,0,"TTWACATVTLTVTVCSPTGTLCGSCSMGTRGCC"
"03141",0,-1,0,"ITSKSLCTPGCKTGALQTCFAKTATCHCSGHVHTK"
"03142",1,0,1,"SDTGTKSRK"
"03153",1,-1,1,"MRLSHVCSQSSSKYPAGSCNLMTHDRATSSEHRSASRCDRVIRRFCRSDPASRYWRYPVRGMRHGRCHTDW"
"03162",0,1,1,"VMWCYVFGYGFNCAVW"
"03163",0,1,1,"VGAVAFGPVGAVVGGLASGFTGKQT"
"03167",0,0,0,"GGDGSIAEYFNRPMHIHDWQIMDSGYYG"