index	15	24	74	90	146	153	164	258
d__Bacteria;p__Bacteroidota	72462.0	30607.0	54396.0	28991.0	49659.0	31393.0	86782.0	99839.0
d__Bacteria;p__Firmicutes	14318.0	43519.0	67762.0	17759.0	16353.0	32399.0	34251.0	136628.0
d__Bacteria;p__Proteobacteria	885.0	2593.0	2966.0	374.0	3671.0	8473.0	884.0	7070.0
d__Bacteria;p__Actinobacteriota	168.0	216.0	1930.0	87.0	1563.0	281.0	918.0	10185.0
d__Bacteria;p__Verrucomicrobiota	12.0	183.0	49.0	82.0	0.0	1509.0	7.0	16.0
d__Bacteria;p__Desulfobacterota	36.0	70.0	142.0	7.0	5.0	504.0	430.0	42.0
d__Bacteria;p__Cyanobacteria	0.0	0.0	0.0	0.0	2.0	9.0	63.0	92.0
d__Bacteria;p__Fusobacteriota	0.0	0.0	0.0	0.0	46.0	0.0	1.0	5.0
d__Bacteria;__	18.0	32.0	68.0	2.0	12.0	50.0	56.0	174.0
d__Bacteria;p__Bacteroidota;c__Bacteroidia	72462.0	30607.0	54396.0	28991.0	49659.0	31393.0	86782.0	99839.0
d__Bacteria;p__Firmicutes;c__Clostridia	11947.0	30240.0	61069.0	12720.0	14116.0	31179.0	33223.0	125938.0
d__Bacteria;p__Firmicutes;c__Negativicutes	2215.0	12605.0	3679.0	4801.0	675.0	410.0	671.0	908.0
d__Bacteria;p__Proteobacteria;c__Gammaproteobacteria	880.0	2153.0	2692.0	374.0	3667.0	8290.0	486.0	7007.0
d__Bacteria;p__Actinobacteriota;c__Actinobacteria	119.0	202.0	1847.0	84.0	1315.0	253.0	867.0	9496.0
d__Bacteria;p__Firmicutes;c__Bacilli	156.0	673.0	3012.0	237.0	1559.0	806.0	357.0	9765.0
d__Bacteria;p__Verrucomicrobiota;c__Verrucomicrobiae	10.0	163.0	48.0	82.0	0.0	1509.0	7.0	7.0
d__Bacteria;p__Actinobacteriota;c__Coriobacteriia	49.0	14.0	83.0	3.0	248.0	28.0	51.0	689.0
d__Bacteria;p__Desulfobacterota;c__Desulfovibrionia	36.0	70.0	142.0	7.0	5.0	504.0	430.0	42.0
d__Bacteria;p__Proteobacteria;c__Alphaproteobacteria	5.0	440.0	274.0	0.0	4.0	183.0	398.0	63.0
d__Bacteria;p__Cyanobacteria;c__Vampirivibrionia	0.0	0.0	0.0	0.0	1.0	9.0	47.0	92.0
d__Bacteria;p__Fusobacteriota;c__Fusobacteriia	0.0	0.0	0.0	0.0	46.0	0.0	1.0	5.0
d__Bacteria;p__Verrucomicrobiota;c__Lentisphaeria	2.0	20.0	1.0	0.0	0.0	0.0	0.0	9.0
d__Bacteria;__;__	18.0	32.0	68.0	2.0	12.0	50.0	56.0	174.0
d__Bacteria;p__Firmicutes;__	0.0	1.0	2.0	1.0	3.0	2.0	0.0	17.0
d__Bacteria;p__Bacteroidota;c__Bacteroidia;o__Bacteroidales	72462.0	30550.0	54396.0	28991.0	49659.0	31393.0	86782.0	99839.0
d__Bacteria;p__Firmicutes;c__Clostridia;o__Lachnospirales	5891.0	10242.0	28429.0	4328.0	9027.0	12143.0	22405.0	86874.0
d__Bacteria;p__Firmicutes;c__Clostridia;o__Oscillospirales	5326.0	17483.0	30794.0	7959.0	4950.0	16406.0	10447.0	37569.0
d__Bacteria;p__Firmicutes;c__Negativicutes;o__Veillonellales-Selenomonadales	2071.0	12592.0	3672.0	4799.0	39.0	37.0	651.0	882.0
d__Bacteria;p__Proteobacteria;c__Gammaproteobacteria;o__Burkholderiales	744.0	1943.0	2075.0	105.0	2761.0	7819.0	345.0	1996.0
d__Bacteria;p__Actinobacteriota;c__Actinobacteria;o__Bifidobacteriales	117.0	198.0	1844.0	84.0	1307.0	252.0	867.0	9491.0
d__Bacteria;p__Proteobacteria;c__Gammaproteobacteria;o__Enterobacterales	81.0	140.0	600.0	259.0	903.0	461.0	86.0	4834.0
d__Bacteria;p__Firmicutes;c__Bacilli;o__Erysipelotrichales	101.0	443.0	300.0	42.0	1521.0	400.0	284.0	8759.0
d__Bacteria;p__Firmicutes;c__Clostridia;o__Christensenellales	313.0	1451.0	1097.0	62.0	25.0	1655.0	57.0	244.0
d__Bacteria;p__Firmicutes;c__Bacilli;o__Acholeplasmatales	0.0	0.0	1577.0	1.0	5.0	4.0	24.0	2.0
d__Bacteria;p__Verrucomicrobiota;c__Verrucomicrobiae;o__Verrucomicrobiales	9.0	135.0	34.0	82.0	0.0	1508.0	7.0	5.0
d__Bacteria;p__Firmicutes;c__Negativicutes;o__Acidaminococcales	144.0	13.0	7.0	2.0	636.0	373.0	20.0	26.0
d__Bacteria;p__Actinobacteriota;c__Coriobacteriia;o__Coriobacteriales	49.0	14.0	83.0	3.0	248.0	28.0	51.0	689.0
d__Bacteria;p__Firmicutes;c__Clostridia;o__Monoglobales	56.0	177.0	314.0	128.0	21.0	34.0	192.0	141.0
d__Bacteria;p__Firmicutes;c__Bacilli;o__Lactobacillales	32.0	23.0	1124.0	172.0	27.0	88.0	44.0	974.0
d__Bacteria;p__Desulfobacterota;c__Desulfovibrionia;o__Desulfovibrionales	36.0	70.0	142.0	7.0	5.0	504.0	430.0	42.0
d__Bacteria;p__Proteobacteria;c__Gammaproteobacteria;o__Pasteurellales	55.0	69.0	7.0	10.0	3.0	4.0	50.0	103.0
d__Bacteria;p__Firmicutes;c__Clostridia;o__Clostridia_UCG-014	53.0	65.0	148.0	167.0	13.0	660.0	18.0	469.0
d__Bacteria;p__Proteobacteria;c__Alphaproteobacteria;o__Rhodospirillales	5.0	440.0	274.0	0.0	4.0	180.0	396.0	63.0
d__Bacteria;p__Firmicutes;c__Clostridia;o__Clostridiales	220.0	161.0	46.0	51.0	2.0	17.0	2.0	62.0
d__Bacteria;p__Firmicutes;c__Clostridia;o__Clostridia_vadinBB60_group	2.0	499.0	12.0	4.0	1.0	11.0	17.0	65.0
d__Bacteria;p__Firmicutes;c__Clostridia;o__Peptostreptococcales-Tissierellales	63.0	83.0	153.0	10.0	54.0	129.0	60.0	301.0
d__Bacteria;p__Cyanobacteria;c__Vampirivibrionia;o__Gastranaerophilales	0.0	0.0	0.0	0.0	1.0	9.0	47.0	92.0
d__Bacteria;p__Firmicutes;c__Clostridia;__	20.0	73.0	75.0	11.0	3.0	121.0	24.0	212.0
d__Bacteria;p__Firmicutes;c__Bacilli;o__RF39	23.0	201.0	9.0	22.0	6.0	313.0	4.0	30.0
d__Bacteria;p__Fusobacteriota;c__Fusobacteriia;o__Fusobacteriales	0.0	0.0	0.0	0.0	46.0	0.0	1.0	5.0
d__Bacteria;p__Verrucomicrobiota;c__Lentisphaeria;o__Victivallales	2.0	20.0	1.0	0.0	0.0	0.0	0.0	9.0
d__Bacteria;__;__;__	18.0	32.0	68.0	2.0	12.0	50.0	56.0	174.0
d__Bacteria;p__Firmicutes;__;__	0.0	1.0	2.0	1.0	3.0	2.0	0.0	17.0
d__Bacteria;p__Verrucomicrobiota;c__Verrucomicrobiae;o__Opitutales	1.0	28.0	14.0	0.0	0.0	1.0	0.0	2.0
d__Bacteria;p__Actinobacteriota;c__Actinobacteria;o__Actinomycetales	0.0	0.0	1.0	0.0	3.0	1.0	0.0	5.0
d__Bacteria;p__Actinobacteriota;c__Actinobacteria;o__Micrococcales	2.0	4.0	2.0	0.0	0.0	0.0	0.0	0.0
d__Bacteria;p__Firmicutes;c__Bacilli;o__Staphylococcales	0.0	1.0	1.0	0.0	0.0	1.0	1.0	0.0
d__Bacteria;p__Firmicutes;c__Clostridia;o__Peptococcales	0.0	0.0	1.0	0.0	0.0	1.0	1.0	1.0
d__Bacteria;p__Bacteroidota;c__Bacteroidia;o__Bacteroidales;f__Bacteroidaceae	4194.0	15428.0	50236.0	1717.0	45630.0	21503.0	77733.0	93554.0
d__Bacteria;p__Bacteroidota;c__Bacteroidia;o__Bacteroidales;f__Prevotellaceae	67257.0	6004.0	391.0	26560.0	470.0	216.0	1420.0	2777.0
d__Bacteria;p__Firmicutes;c__Clostridia;o__Lachnospirales;f__Lachnospiraceae	5891.0	10241.0	28429.0	4319.0	9027.0	12140.0	22405.0	86874.0
d__Bacteria;p__Firmicutes;c__Clostridia;o__Oscillospirales;f__Ruminococcaceae	3886.0	10371.0	26659.0	6966.0	3399.0	11075.0	8271.0	31575.0
d__Bacteria;p__Firmicutes;c__Negativicutes;o__Veillonellales-Selenomonadales;f__Veillonellaceae	2069.0	12591.0	3666.0	4798.0	38.0	37.0	651.0	879.0
d__Bacteria;p__Proteobacteria;c__Gammaproteobacteria;o__Burkholderiales;f__Sutterellaceae	744.0	1932.0	2074.0	105.0	2760.0	7818.0	343.0	1996.0
d__Bacteria;p__Bacteroidota;c__Bacteroidia;o__Bacteroidales;f__Rikenellaceae	316.0	1762.0	3119.0	336.0	245.0	2907.0	4917.0	1382.0
d__Bacteria;p__Bacteroidota;c__Bacteroidia;o__Bacteroidales;f__Tannerellaceae	631.0	1799.0	334.0	279.0	3276.0	5307.0	2197.0	1451.0
d__Bacteria;p__Actinobacteriota;c__Actinobacteria;o__Bifidobacteriales;f__Bifidobacteriaceae	117.0	198.0	1844.0	84.0	1307.0	252.0	867.0	9491.0
d__Bacteria;p__Proteobacteria;c__Gammaproteobacteria;o__Enterobacterales;f__Enterobacteriaceae	81.0	137.0	598.0	258.0	893.0	457.0	86.0	4818.0
d__Bacteria;p__Firmicutes;c__Bacilli;o__Erysipelotrichales;f__Erysipelatoclostridiaceae	96.0	326.0	260.0	32.0	746.0	368.0	229.0	8728.0
d__Bacteria;p__Bacteroidota;c__Bacteroidia;o__Bacteroidales;f__Muribaculaceae	4.0	4051.0	2.0	0.0	1.0	7.0	4.0	10.0
d__Bacteria;p__Firmicutes;c__Clostridia;o__Oscillospirales;f__Oscillospiraceae	1304.0	4302.0	3754.0	880.0	1188.0	4021.0	2007.0	4404.0
d__Bacteria;p__Firmicutes;c__Clostridia;o__Christensenellales;f__Christensenellaceae	313.0	1451.0	1097.0	62.0	25.0	1655.0	57.0	244.0
d__Bacteria;p__Firmicutes;c__Clostridia;o__Oscillospirales;f__[Eubacterium]_coprostanoligenes_group	64.0	2473.0	200.0	37.0	342.0	1233.0	72.0	1308.0
d__Bacteria;p__Firmicutes;c__Bacilli;o__Acholeplasmatales;f__Acholeplasmataceae	0.0	0.0	1577.0	1.0	5.0	4.0	24.0	2.0
d__Bacteria;p__Verrucomicrobiota;c__Verrucomicrobiae;o__Verrucomicrobiales;f__Akkermansiaceae	9.0	135.0	34.0	82.0	0.0	1508.0	7.0	5.0
d__Bacteria;p__Firmicutes;c__Negativicutes;o__Acidaminococcales;f__Acidaminococcaceae	144.0	13.0	7.0	2.0	636.0	373.0	20.0	26.0
d__Bacteria;p__Actinobacteriota;c__Coriobacteriia;o__Coriobacteriales;f__Coriobacteriaceae	42.0	4.0	64.0	2.0	198.0	23.0	36.0	637.0
d__Bacteria;p__Firmicutes;c__Clostridia;o__Monoglobales;f__Monoglobaceae	56.0	177.0	314.0	128.0	21.0	34.0	192.0	141.0
d__Bacteria;p__Bacteroidota;c__Bacteroidia;o__Bacteroidales;f__Barnesiellaceae	32.0	1209.0	64.0	62.0	9.0	1235.0	73.0	475.0
d__Bacteria;p__Firmicutes;c__Bacilli;o__Lactobacillales;f__Lactobacillaceae	0.0	5.0	1101.0	165.0	3.0	2.0	0.0	13.0
d__Bacteria;p__Desulfobacterota;c__Desulfovibrionia;o__Desulfovibrionales;f__Desulfovibrionaceae	36.0	70.0	142.0	7.0	5.0	504.0	430.0	42.0
d__Bacteria;p__Bacteroidota;c__Bacteroidia;o__Bacteroidales;f__Marinifilaceae	27.0	247.0	241.0	37.0	6.0	183.0	417.0	151.0
d__Bacteria;p__Firmicutes;c__Bacilli;o__Erysipelotrichales;f__Erysipelotrichaceae	5.0	117.0	40.0	10.0	775.0	32.0	55.0	31.0
d__Bacteria;p__Firmicutes;c__Bacilli;o__Lactobacillales;f__Streptococcaceae	26.0	18.0	16.0	5.0	19.0	77.0	43.0	514.0
d__Bacteria;p__Proteobacteria;c__Gammaproteobacteria;o__Pasteurellales;f__Pasteurellaceae	55.0	69.0	7.0	10.0	3.0	4.0	50.0	103.0
d__Bacteria;p__Firmicutes;c__Clostridia;o__Clostridia_UCG-014;f__Clostridia_UCG-014	53.0	65.0	148.0	167.0	13.0	660.0	18.0	469.0
d__Bacteria;p__Firmicutes;c__Bacilli;o__Lactobacillales;f__Enterococcaceae	0.0	0.0	7.0	0.0	3.0	0.0	0.0	419.0
d__Bacteria;p__Proteobacteria;c__Alphaproteobacteria;o__Rhodospirillales;f__uncultured	5.0	440.0	274.0	0.0	4.0	180.0	396.0	63.0
d__Bacteria;p__Firmicutes;c__Clostridia;o__Clostridiales;f__Clostridiaceae	220.0	161.0	46.0	51.0	2.0	17.0	2.0	62.0
d__Bacteria;p__Firmicutes;c__Clostridia;o__Clostridia_vadinBB60_group;f__Clostridia_vadinBB60_group	2.0	499.0	12.0	4.0	1.0	11.0	17.0	65.0
d__Bacteria;p__Firmicutes;c__Clostridia;o__Oscillospirales;f__Butyricicoccaceae	63.0	31.0	128.0	54.0	13.0	9.0	26.0	231.0
d__Bacteria;p__Firmicutes;c__Clostridia;o__Peptostreptococcales-Tissierellales;f__Peptostreptococcaceae	41.0	15.0	73.0	6.0	23.0	80.0	15.0	281.0
d__Bacteria;p__Cyanobacteria;c__Vampirivibrionia;o__Gastranaerophilales;f__Gastranaerophilales	0.0	0.0	0.0	0.0	1.0	9.0	47.0	92.0
d__Bacteria;p__Firmicutes;c__Clostridia;o__Oscillospirales;f__UCG-010	6.0	263.0	38.0	21.0	2.0	6.0	66.0	22.0
d__Bacteria;p__Actinobacteriota;c__Coriobacteriia;o__Coriobacteriales;f__Eggerthellaceae	7.0	8.0	16.0	0.0	49.0	3.0	14.0	50.0
d__Bacteria;p__Firmicutes;c__Clostridia;o__Peptostreptococcales-Tissierellales;f__Anaerovoracaceae	21.0	68.0	59.0	4.0	3.0	49.0	45.0	19.0
d__Bacteria;p__Firmicutes;c__Clostridia;__;__	20.0	73.0	75.0	11.0	3.0	121.0	24.0	212.0
d__Bacteria;p__Firmicutes;c__Bacilli;o__RF39;f__RF39	23.0	201.0	9.0	22.0	6.0	313.0	4.0	30.0
d__Bacteria;p__Bacteroidota;c__Bacteroidia;o__Bacteroidales;__	0.0	28.0	7.0	0.0	18.0	34.0	20.0	14.0
d__Bacteria;p__Fusobacteriota;c__Fusobacteriia;o__Fusobacteriales;f__Fusobacteriaceae	0.0	0.0	0.0	0.0	46.0	0.0	1.0	5.0
d__Bacteria;p__Proteobacteria;c__Gammaproteobacteria;o__Enterobacterales;__	0.0	2.0	0.0	0.0	3.0	0.0	0.0	15.0
d__Bacteria;p__Verrucomicrobiota;c__Lentisphaeria;o__Victivallales;f__vadinBE97	1.0	14.0	0.0	0.0	0.0	0.0	0.0	9.0
d__Bacteria;__;__;__;__	18.0	32.0	68.0	2.0	12.0	50.0	56.0	174.0
d__Bacteria;p__Firmicutes;__;__;__	0.0	1.0	2.0	1.0	3.0	2.0	0.0	17.0
d__Bacteria;p__Firmicutes;c__Clostridia;o__Oscillospirales;__	3.0	33.0	13.0	1.0	3.0	56.0	1.0	26.0
d__Bacteria;p__Bacteroidota;c__Bacteroidia;o__Bacteroidales;f__Porphyromonadaceae	0.0	21.0	2.0	0.0	4.0	1.0	0.0	23.0
d__Bacteria;p__Verrucomicrobiota;c__Verrucomicrobiae;o__Opitutales;f__Puniceicoccaceae	1.0	28.0	14.0	0.0	0.0	1.0	0.0	2.0
d__Bacteria;p__Firmicutes;c__Clostridia;o__Peptostreptococcales-Tissierellales;f__Peptostreptococcales-Tissierellales	1.0	0.0	21.0	0.0	28.0	0.0	0.0	1.0
d__Bacteria;p__Firmicutes;c__Clostridia;o__Oscillospirales;f__Oscillospirales	0.0	5.0	0.0	0.0	0.0	2.0	4.0	0.0
d__Bacteria;p__Actinobacteriota;c__Actinobacteria;o__Actinomycetales;f__Actinomycetaceae	0.0	0.0	1.0	0.0	3.0	1.0	0.0	5.0
d__Bacteria;p__Firmicutes;c__Bacilli;o__Lactobacillales;f__Carnobacteriaceae	6.0	0.0	0.0	0.0	1.0	3.0	1.0	3.0
d__Bacteria;p__Actinobacteriota;c__Actinobacteria;o__Micrococcales;f__Micrococcaceae	2.0	4.0	2.0	0.0	0.0	0.0	0.0	0.0
d__Bacteria;p__Proteobacteria;c__Gammaproteobacteria;o__Enterobacterales;f__Yersiniaceae	0.0	1.0	2.0	1.0	2.0	0.0	0.0	1.0
d__Bacteria;p__Firmicutes;c__Negativicutes;o__Veillonellales-Selenomonadales;f__Selenomonadaceae	2.0	1.0	6.0	1.0	1.0	0.0	0.0	3.0
d__Bacteria;p__Firmicutes;c__Clostridia;o__Lachnospirales;f__Defluviitaleaceae	0.0	1.0	0.0	9.0	0.0	3.0	0.0	0.0
d__Bacteria;p__Actinobacteriota;c__Coriobacteriia;o__Coriobacteriales;f__Coriobacteriales_Incertae_Sedis	0.0	2.0	3.0	1.0	0.0	2.0	1.0	2.0
d__Bacteria;p__Firmicutes;c__Bacilli;o__Lactobacillales;f__Leuconostocaceae	0.0	0.0	0.0	2.0	1.0	0.0	0.0	18.0
d__Bacteria;p__Bacteroidota;c__Bacteroidia;o__Bacteroidales;f__uncultured	1.0	1.0	0.0	0.0	0.0	0.0	1.0	2.0
d__Bacteria;p__Verrucomicrobiota;c__Lentisphaeria;o__Victivallales;f__Victivallaceae	1.0	6.0	1.0	0.0	0.0	0.0	0.0	0.0
d__Bacteria;p__Firmicutes;c__Clostridia;o__Oscillospirales;f__uncultured	0.0	4.0	1.0	0.0	0.0	3.0	0.0	0.0
d__Bacteria;p__Firmicutes;c__Clostridia;o__Oscillospirales;f__Ethanoligenenaceae	0.0	1.0	1.0	0.0	3.0	0.0	0.0	0.0
d__Bacteria;p__Firmicutes;c__Bacilli;o__Staphylococcales;f__Gemellaceae	0.0	1.0	1.0	0.0	0.0	1.0	1.0	0.0
d__Bacteria;p__Proteobacteria;c__Gammaproteobacteria;o__Burkholderiales;f__Burkholderiaceae	0.0	0.0	1.0	0.0	0.0	1.0	1.0	0.0
d__Bacteria;p__Firmicutes;c__Clostridia;o__Peptococcales;f__Peptococcaceae	0.0	0.0	1.0	0.0	0.0	1.0	1.0	1.0
d__Bacteria;p__Bacteroidota;c__Bacteroidia;o__Bacteroidales;f__Bacteroidaceae;g__Bacteroides	4194.0	15428.0	50236.0	1717.0	45630.0	21503.0	77733.0	93554.0
d__Bacteria;p__Bacteroidota;c__Bacteroidia;o__Bacteroidales;f__Prevotellaceae;g__Prevotella	66832.0	892.0	315.0	26551.0	419.0	191.0	1319.0	685.0
d__Bacteria;p__Firmicutes;c__Clostridia;o__Lachnospirales;f__Lachnospiraceae;g__Agathobacter	1139.0	2175.0	10338.0	234.0	40.0	1136.0	10494.0	16413.0
d__Bacteria;p__Firmicutes;c__Clostridia;o__Oscillospirales;f__Ruminococcaceae;g__Faecalibacterium	1688.0	5738.0	18265.0	3552.0	1415.0	3641.0	6282.0	18032.0
d__Bacteria;p__Firmicutes;c__Negativicutes;o__Veillonellales-Selenomonadales;f__Veillonellaceae;g__Dialister	2052.0	12495.0	3574.0	4758.0	26.0	24.0	638.0	844.0
d__Bacteria;p__Proteobacteria;c__Gammaproteobacteria;o__Burkholderiales;f__Sutterellaceae;g__Parasutterella	15.0	22.0	11.0	12.0	2748.0	7800.0	27.0	138.0
d__Bacteria;p__Firmicutes;c__Clostridia;o__Oscillospirales;f__Ruminococcaceae;g__CAG-352	7.0	96.0	625.0	49.0	494.0	3011.0	273.0	2838.0
d__Bacteria;p__Firmicutes;c__Clostridia;o__Lachnospirales;f__Lachnospiraceae;g__Blautia	564.0	412.0	1542.0	91.0	3971.0	582.0	2325.0	8626.0
d__Bacteria;p__Firmicutes;c__Clostridia;o__Lachnospirales;f__Lachnospiraceae;g__Roseburia	749.0	946.0	5408.0	2274.0	29.0	1255.0	841.0	13273.0
d__Bacteria;p__Bacteroidota;c__Bacteroidia;o__Bacteroidales;f__Rikenellaceae;g__Alistipes	315.0	1760.0	3117.0	336.0	245.0	2907.0	4909.0	1373.0
d__Bacteria;p__Bacteroidota;c__Bacteroidia;o__Bacteroidales;f__Tannerellaceae;g__Parabacteroides	629.0	1332.0	331.0	279.0	3274.0	5296.0	1792.0	1445.0
d__Bacteria;p__Actinobacteriota;c__Actinobacteria;o__Bifidobacteriales;f__Bifidobacteriaceae;g__Bifidobacterium	117.0	198.0	1844.0	84.0	1307.0	252.0	867.0	9491.0
d__Bacteria;p__Proteobacteria;c__Gammaproteobacteria;o__Enterobacterales;f__Enterobacteriaceae;g__Escherichia-Shigella	15.0	126.0	586.0	120.0	873.0	421.0	68.0	4479.0
d__Bacteria;p__Bacteroidota;c__Bacteroidia;o__Bacteroidales;f__Prevotellaceae;g__Paraprevotella	406.0	3999.0	21.0	2.0	22.0	18.0	65.0	2064.0
d__Bacteria;p__Firmicutes;c__Clostridia;o__Oscillospirales;f__Ruminococcaceae;__	23.0	389.0	1091.0	165.0	684.0	1639.0	303.0	1992.0
d__Bacteria;p__Firmicutes;c__Clostridia;o__Oscillospirales;f__Ruminococcaceae;g__Subdoligranulum	961.0	1606.0	4426.0	2907.0	26.0	172.0	889.0	6971.0
d__Bacteria;p__Firmicutes;c__Bacilli;o__Erysipelotrichales;f__Erysipelatoclostridiaceae;g__Erysipelotrichaceae_UCG-003	95.0	203.0	252.0	24.0	3.0	345.0	183.0	5818.0
d__Bacteria;p__Firmicutes;c__Clostridia;o__Lachnospirales;f__Lachnospiraceae;g__Butyrivibrio	1.0	5.0	12.0	7.0	3.0	4106.0	8.0	1731.0
d__Bacteria;p__Firmicutes;c__Clostridia;o__Lachnospirales;f__Lachnospiraceae;g__Lachnospiraceae_NK4A136_group	300.0	1696.0	1416.0	430.0	60.0	725.0	2796.0	8373.0
d__Bacteria;p__Bacteroidota;c__Bacteroidia;o__Bacteroidales;f__Muribaculaceae;g__Muribaculaceae	4.0	4051.0	2.0	0.0	1.0	6.0	3.0	9.0
d__Bacteria;p__Firmicutes;c__Clostridia;o__Lachnospirales;f__Lachnospiraceae;g__Fusicatenibacter	244.0	1557.0	255.0	11.0	8.0	175.0	597.0	2827.0
d__Bacteria;p__Firmicutes;c__Clostridia;o__Oscillospirales;f__Oscillospiraceae;g__UCG-002	307.0	2883.0	1735.0	465.0	73.0	3206.0	369.0	1241.0
d__Bacteria;p__Firmicutes;c__Clostridia;o__Christensenellales;f__Christensenellaceae;g__Christensenellaceae_R-7_group	310.0	1441.0	1083.0	61.0	16.0	1649.0	56.0	244.0
d__Bacteria;p__Proteobacteria;c__Gammaproteobacteria;o__Burkholderiales;f__Sutterellaceae;g__Sutterella	729.0	1910.0	2063.0	93.0	12.0	18.0	316.0	1858.0
d__Bacteria;p__Firmicutes;c__Clostridia;o__Lachnospirales;f__Lachnospiraceae;g__Anaerostipes	99.0	595.0	308.0	28.0	541.0	167.0	161.0	3714.0
d__Bacteria;p__Firmicutes;c__Clostridia;o__Lachnospirales;f__Lachnospiraceae;g__Lachnospiraceae_ND3007_group	73.0	40.0	1286.0	3.0	1.0	40.0	58.0	2551.0
d__Bacteria;p__Firmicutes;c__Clostridia;o__Oscillospirales;f__Ruminococcaceae;g__Ruminococcus	1070.0	126.0	1751.0	163.0	137.0	2331.0	296.0	1363.0
d__Bacteria;p__Firmicutes;c__Clostridia;o__Lachnospirales;f__Lachnospiraceae;g__Dorea	93.0	195.0	330.0	29.0	1.0	195.0	389.0	3119.0
d__Bacteria;p__Firmicutes;c__Clostridia;o__Oscillospirales;f__Oscillospiraceae;g__UCG-005	126.0	378.0	826.0	96.0	5.0	294.0	61.0	2267.0
d__Bacteria;p__Firmicutes;c__Clostridia;o__Oscillospirales;f__[Eubacterium]_coprostanoligenes_group;g__[Eubacterium]_coprostanoligenes_group	64.0	2473.0	200.0	37.0	342.0	1233.0	72.0	1308.0
d__Bacteria;p__Firmicutes;c__Bacilli;o__Erysipelotrichales;f__Erysipelatoclostridiaceae;g__Catenibacterium	0.0	1.0	2.0	0.0	0.0	1.0	0.0	2781.0
d__Bacteria;p__Firmicutes;c__Clostridia;o__Lachnospirales;f__Lachnospiraceae;__	610.0	720.0	1797.0	294.0	694.0	909.0	963.0	7227.0
d__Bacteria;p__Firmicutes;c__Clostridia;o__Lachnospirales;f__Lachnospiraceae;g__[Eubacterium]_ventriosum_group	21.0	4.0	111.0	6.0	7.0	51.0	171.0	2108.0
d__Bacteria;p__Firmicutes;c__Clostridia;o__Oscillospirales;f__Ruminococcaceae;g__[Eubacterium]_siraeum_group	82.0	2091.0	247.0	4.0	7.0	40.0	23.0	48.0
d__Bacteria;p__Firmicutes;c__Clostridia;o__Oscillospirales;f__Oscillospiraceae;g__NK4A214_group	703.0	338.0	681.0	212.0	6.0	63.0	3.0	162.0
d__Bacteria;p__Firmicutes;c__Bacilli;o__Acholeplasmatales;f__Acholeplasmataceae;g__Anaeroplasma	0.0	0.0	1577.0	1.0	5.0	4.0	24.0	2.0
d__Bacteria;p__Firmicutes;c__Clostridia;o__Lachnospirales;f__Lachnospiraceae;g__[Eubacterium]_eligens_group	41.0	302.0	287.0	104.0	7.0	277.0	599.0	1679.0
d__Bacteria;p__Firmicutes;c__Clostridia;o__Lachnospirales;f__Lachnospiraceae;g__Lachnospira	597.0	63.0	825.0	28.0	26.0	120.0	136.0	2841.0
d__Bacteria;p__Verrucomicrobiota;c__Verrucomicrobiae;o__Verrucomicrobiales;f__Akkermansiaceae;g__Akkermansia	9.0	135.0	34.0	82.0	0.0	1508.0	7.0	5.0
d__Bacteria;p__Firmicutes;c__Clostridia;o__Lachnospirales;f__Lachnospiraceae;g__[Eubacterium]_xylanophilum_group	4.0	333.0	1168.0	2.0	2.0	51.0	159.0	952.0
d__Bacteria;p__Firmicutes;c__Clostridia;o__Lachnospirales;f__Lachnospiraceae;g__[Eubacterium]_hallii_group	106.0	46.0	503.0	9.0	3.0	138.0	387.0	1773.0
d__Bacteria;p__Firmicutes;c__Negativicutes;o__Acidaminococcales;f__Acidaminococcaceae;g__Phascolarctobacterium	144.0	12.0	7.0	2.0	636.0	371.0	20.0	26.0
d__Bacteria;p__Firmicutes;c__Clostridia;o__Lachnospirales;f__Lachnospiraceae;g__[Ruminococcus]_torques_group	112.0	278.0	482.0	58.0	849.0	651.0	576.0	1919.0
d__Bacteria;p__Firmicutes;c__Clostridia;o__Lachnospirales;f__Lachnospiraceae;g__[Ruminococcus]_gauvreauii_group	52.0	22.0	104.0	1.0	1.0	2.0	35.0	1408.0
d__Bacteria;p__Firmicutes;c__Clostridia;o__Oscillospirales;f__Oscillospiraceae;g__UCG-003	110.0	390.0	285.0	53.0	4.0	132.0	155.0	462.0
d__Bacteria;p__Firmicutes;c__Clostridia;o__Lachnospirales;f__Lachnospiraceae;g__Lachnospiraceae_UCG-010	11.0	136.0	128.0	71.0	2.0	369.0	502.0	122.0
d__Bacteria;p__Actinobacteriota;c__Coriobacteriia;o__Coriobacteriales;f__Coriobacteriaceae;g__Collinsella	42.0	4.0	64.0	2.0	198.0	23.0	36.0	637.0
d__Bacteria;p__Firmicutes;c__Clostridia;o__Lachnospirales;f__Lachnospiraceae;g__Coprococcus	69.0	94.0	590.0	408.0	4.0	215.0	142.0	1709.0
d__Bacteria;p__Firmicutes;c__Clostridia;o__Oscillospirales;f__Oscillospiraceae;g__Flavonifractor	3.0	27.0	25.0	2.0	275.0	97.0	419.0	20.0
d__Bacteria;p__Firmicutes;c__Clostridia;o__Monoglobales;f__Monoglobaceae;g__Monoglobus	56.0	177.0	314.0	128.0	21.0	34.0	192.0	141.0
d__Bacteria;p__Bacteroidota;c__Bacteroidia;o__Bacteroidales;f__Barnesiellaceae;g__Barnesiella	32.0	825.0	15.0	52.0	8.0	1140.0	70.0	445.0
d__Bacteria;p__Firmicutes;c__Bacilli;o__Lactobacillales;f__Lactobacillaceae;g__Lactobacillus	0.0	5.0	1101.0	165.0	3.0	2.0	0.0	13.0
d__Bacteria;p__Desulfobacterota;c__Desulfovibrionia;o__Desulfovibrionales;f__Desulfovibrionaceae;g__Bilophila	35.0	57.0	127.0	7.0	3.0	499.0	418.0	19.0
d__Bacteria;p__Firmicutes;c__Clostridia;o__Lachnospirales;f__Lachnospiraceae;g__Hungatella	10.0	19.0	10.0	0.0	865.0	4.0	60.0	2.0
d__Bacteria;p__Firmicutes;c__Clostridia;o__Oscillospirales;f__Oscillospiraceae;g__Colidextribacter	15.0	124.0	76.0	10.0	483.0	18.0	550.0	115.0
d__Bacteria;p__Firmicutes;c__Clostridia;o__Lachnospirales;f__Lachnospiraceae;g__Lachnospiraceae_UCG-001	583.0	33.0	294.0	12.0	0.0	46.0	25.0	1220.0
d__Bacteria;p__Bacteroidota;c__Bacteroidia;o__Bacteroidales;f__Tannerellaceae;__	2.0	467.0	3.0	0.0	2.0	11.0	405.0	6.0
d__Bacteria;p__Bacteroidota;c__Bacteroidia;o__Bacteroidales;f__Marinifilaceae;g__Odoribacter	25.0	217.0	183.0	27.0	4.0	183.0	5.0	129.0
d__Bacteria;p__Firmicutes;c__Clostridia;o__Oscillospirales;f__Oscillospiraceae;g__Oscillibacter	27.0	68.0	34.0	17.0	285.0	91.0	325.0	59.0
d__Bacteria;p__Firmicutes;c__Bacilli;o__Erysipelotrichales;f__Erysipelotrichaceae;g__Faecalitalea	0.0	0.0	2.0	0.0	648.0	8.0	14.0	13.0
d__Bacteria;p__Firmicutes;c__Clostridia;o__Lachnospirales;f__Lachnospiraceae;g__Lachnoclostridium	71.0	65.0	243.0	64.0	733.0	148.0	281.0	667.0
d__Bacteria;p__Firmicutes;c__Bacilli;o__Erysipelotrichales;f__Erysipelatoclostridiaceae;g__Coprobacillus	0.0	0.0	2.0	0.0	617.0	0.0	4.0	0.0
d__Bacteria;p__Firmicutes;c__Clostridia;o__Lachnospirales;f__Lachnospiraceae;g__uncultured	56.0	39.0	77.0	54.0	122.0	25.0	103.0	481.0
d__Bacteria;p__Bacteroidota;c__Bacteroidia;o__Bacteroidales;f__Prevotellaceae;g__Alloprevotella	13.0	1112.0	52.0	7.0	29.0	7.0	36.0	25.0
d__Bacteria;p__Firmicutes;c__Clostridia;o__Lachnospirales;f__Lachnospiraceae;g__Tyzzerella	6.0	9.0	5.0	0.0	530.0	1.0	29.0	0.0
d__Bacteria;p__Firmicutes;c__Bacilli;o__Lactobacillales;f__Streptococcaceae;g__Streptococcus	26.0	16.0	16.0	4.0	9.0	71.0	43.0	510.0
d__Bacteria;p__Firmicutes;c__Clostridia;o__Lachnospirales;f__Lachnospiraceae;g__Lachnospiraceae_UCG-008	50.0	20.0	174.0	30.0	2.0	48.0	110.0	501.0
d__Bacteria;p__Firmicutes;c__Clostridia;o__Lachnospirales;f__Lachnospiraceae;g__Lachnospiraceae_UCG-004	66.0	160.0	289.0	18.0	7.0	14.0	145.0	308.0
d__Bacteria;p__Firmicutes;c__Clostridia;o__Lachnospirales;f__Lachnospiraceae;g__CAG-56	62.0	3.0	210.0	6.0	0.0	19.0	14.0	585.0
d__Bacteria;p__Proteobacteria;c__Gammaproteobacteria;o__Pasteurellales;f__Pasteurellaceae;__	55.0	69.0	7.0	10.0	3.0	4.0	50.0	103.0
d__Bacteria;p__Firmicutes;c__Clostridia;o__Clostridia_UCG-014;f__Clostridia_UCG-014;g__Clostridia_UCG-014	53.0	65.0	148.0	167.0	13.0	660.0	18.0	469.0
d__Bacteria;p__Proteobacteria;c__Gammaproteobacteria;o__Enterobacterales;f__Enterobacteriaceae;__	66.0	11.0	12.0	138.0	20.0	36.0	18.0	339.0
d__Bacteria;p__Firmicutes;c__Bacilli;o__Lactobacillales;f__Enterococcaceae;g__Enterococcus	0.0	0.0	7.0	0.0	3.0	0.0	0.0	410.0
d__Bacteria;p__Proteobacteria;c__Alphaproteobacteria;o__Rhodospirillales;f__uncultured;g__uncultured	5.0	440.0	274.0	0.0	4.0	180.0	396.0	63.0
d__Bacteria;p__Firmicutes;c__Clostridia;o__Clostridiales;f__Clostridiaceae;g__Clostridium_sensu_stricto_1	201.0	159.0	46.0	50.0	2.0	17.0	2.0	60.0
d__Bacteria;p__Firmicutes;c__Clostridia;o__Lachnospirales;f__Lachnospiraceae;g__[Ruminococcus]_gnavus_group	12.0	8.0	15.0	0.0	371.0	3.0	93.0	2.0
d__Bacteria;p__Firmicutes;c__Clostridia;o__Lachnospirales;f__Lachnospiraceae;g__GCA-900066575	5.0	21.0	16.0	24.0	0.0	18.0	5.0	306.0
d__Bacteria;p__Firmicutes;c__Clostridia;o__Clostridia_vadinBB60_group;f__Clostridia_vadinBB60_group;g__Clostridia_vadinBB60_group	2.0	499.0	12.0	4.0	1.0	11.0	17.0	65.0
d__Bacteria;p__Firmicutes;c__Clostridia;o__Oscillospirales;f__Ruminococcaceae;g__UBA1819	5.0	64.0	22.0	2.0	235.0	13.0	88.0	1.0
d__Bacteria;p__Firmicutes;c__Clostridia;o__Oscillospirales;f__Ruminococcaceae;g__Fournierella	0.0	69.0	0.0	94.0	1.0	0.0	1.0	190.0
d__Bacteria;p__Bacteroidota;c__Bacteroidia;o__Bacteroidales;f__Marinifilaceae;g__Butyricimonas	2.0	25.0	58.0	4.0	2.0	0.0	247.0	21.0
d__Bacteria;p__Firmicutes;c__Clostridia;o__Oscillospirales;f__Butyricicoccaceae;g__Butyricicoccus	52.0	21.0	128.0	46.0	13.0	4.0	25.0	228.0
d__Bacteria;p__Firmicutes;c__Negativicutes;o__Veillonellales-Selenomonadales;f__Veillonellaceae;g__Veillonella	13.0	88.0	89.0	16.0	9.0	13.0	13.0	30.0
d__Bacteria;p__Firmicutes;c__Clostridia;o__Lachnospirales;f__Lachnospiraceae;g__Lachnospiraceae_UCG-003	5.0	4.0	16.0	1.0	3.0	404.0	5.0	43.0
d__Bacteria;p__Bacteroidota;c__Bacteroidia;o__Bacteroidales;f__Barnesiellaceae;g__Coprobacter	0.0	198.0	1.0	10.0	1.0	95.0	1.0	29.0
d__Bacteria;p__Firmicutes;c__Clostridia;o__Oscillospirales;f__Ruminococcaceae;g__Incertae_Sedis	18.0	36.0	88.0	17.0	216.0	149.0	20.0	102.0
d__Bacteria;p__Firmicutes;c__Clostridia;o__Peptostreptococcales-Tissierellales;f__Peptostreptococcaceae;g__Intestinibacter	23.0	1.0	43.0	1.0	4.0	20.0	3.0	79.0
d__Bacteria;p__Cyanobacteria;c__Vampirivibrionia;o__Gastranaerophilales;f__Gastranaerophilales;g__Gastranaerophilales	0.0	0.0	0.0	0.0	1.0	9.0	47.0	92.0
d__Bacteria;p__Firmicutes;c__Clostridia;o__Lachnospirales;f__Lachnospiraceae;g__[Eubacterium]_ruminantium_group	4.0	142.0	2.0	0.0	1.0	0.0	18.0	72.0
d__Bacteria;p__Firmicutes;c__Bacilli;o__Erysipelotrichales;f__Erysipelotrichaceae;g__[Clostridium]_innocuum_group	1.0	0.0	10.0	0.0	127.0	7.0	9.0	0.0
d__Bacteria;p__Firmicutes;c__Clostridia;o__Peptostreptococcales-Tissierellales;f__Peptostreptococcaceae;__	14.0	12.0	29.0	5.0	18.0	52.0	11.0	62.0
d__Bacteria;p__Firmicutes;c__Clostridia;o__Oscillospirales;f__UCG-010;g__UCG-010	6.0	263.0	38.0	21.0	2.0	6.0	66.0	22.0
d__Bacteria;p__Firmicutes;c__Clostridia;o__Lachnospirales;f__Lachnospiraceae;g__Anaerosporobacter	4.0	12.0	22.0	4.0	5.0	1.0	56.0	55.0
d__Bacteria;p__Bacteroidota;c__Bacteroidia;o__Bacteroidales;f__Barnesiellaceae;g__uncultured	0.0	186.0	48.0	0.0	0.0	0.0	2.0	1.0
d__Bacteria;p__Firmicutes;c__Clostridia;o__Oscillospirales;f__Ruminococcaceae;g__uncultured	32.0	94.0	121.0	12.0	60.0	38.0	51.0	31.0
d__Bacteria;p__Firmicutes;c__Bacilli;o__Erysipelotrichales;f__Erysipelotrichaceae;g__Holdemanella	1.0	101.0	0.0	8.0	0.0	2.0	1.0	7.0
d__Bacteria;p__Firmicutes;c__Bacilli;o__Erysipelotrichales;f__Erysipelatoclostridiaceae;g__Erysipelatoclostridium	1.0	0.0	4.0	5.0	126.0	20.0	42.0	93.0
d__Bacteria;p__Actinobacteriota;c__Coriobacteriia;o__Coriobacteriales;f__Eggerthellaceae;g__Eggerthella	3.0	3.0	3.0	0.0	48.0	0.0	8.0	2.0
d__Bacteria;p__Firmicutes;c__Clostridia;o__Oscillospirales;f__Oscillospiraceae;g__Intestinimonas	1.0	38.0	44.0	6.0	9.0	39.0	47.0	13.0
d__Bacteria;p__Firmicutes;c__Clostridia;o__Peptostreptococcales-Tissierellales;f__Peptostreptococcaceae;g__Terrisporobacter	4.0	1.0	1.0	0.0	1.0	5.0	1.0	135.0
d__Bacteria;p__Firmicutes;c__Clostridia;o__Peptostreptococcales-Tissierellales;f__Anaerovoracaceae;g__Family_XIII_UCG-001	5.0	30.0	31.0	2.0	0.0	21.0	20.0	3.0
d__Bacteria;p__Firmicutes;c__Clostridia;__;__;__	20.0	73.0	75.0	11.0	3.0	121.0	24.0	212.0
d__Bacteria;p__Firmicutes;c__Bacilli;o__RF39;f__RF39;g__RF39	23.0	201.0	9.0	22.0	6.0	313.0	4.0	30.0
d__Bacteria;p__Firmicutes;c__Clostridia;o__Lachnospirales;f__Lachnospiraceae;g__Eisenbergiella	1.0	2.0	1.0	0.0	2.0	12.0	67.0	1.0
d__Bacteria;p__Bacteroidota;c__Bacteroidia;o__Bacteroidales;f__Marinifilaceae;__	0.0	5.0	0.0	6.0	0.0	0.0	165.0	1.0
d__Bacteria;p__Firmicutes;c__Clostridia;o__Lachnospirales;f__Lachnospiraceae;g__Lachnospiraceae_FCS020_group	35.0	38.0	46.0	5.0	0.0	72.0	6.0	85.0
d__Bacteria;p__Firmicutes;c__Bacilli;o__Erysipelotrichales;f__Erysipelatoclostridiaceae;g__UCG-004	0.0	122.0	0.0	3.0	0.0	2.0	0.0	0.0
d__Bacteria;p__Firmicutes;c__Clostridia;o__Oscillospirales;f__Ruminococcaceae;g__DTU089	0.0	4.0	7.0	0.0	68.0	8.0	6.0	0.0
d__Bacteria;p__Bacteroidota;c__Bacteroidia;o__Bacteroidales;__;__	0.0	28.0	7.0	0.0	18.0	34.0	20.0	14.0
d__Bacteria;p__Firmicutes;c__Clostridia;o__Lachnospirales;f__Lachnospiraceae;g__Sellimonas	0.0	0.0	0.0	0.0	77.0	5.0	8.0	1.0
d__Bacteria;p__Fusobacteriota;c__Fusobacteriia;o__Fusobacteriales;f__Fusobacteriaceae;g__Fusobacterium	0.0	0.0	0.0	0.0	46.0	0.0	1.0	5.0
d__Bacteria;p__Firmicutes;c__Clostridia;o__Lachnospirales;f__Lachnospiraceae;g__GCA-900066755	0.0	3.0	2.0	4.0	0.0	11.0	23.0	67.0
d__Bacteria;p__Firmicutes;c__Clostridia;o__Oscillospirales;f__Oscillospiraceae;g__Pseudoflavonifractor	0.0	0.0	0.0	0.0	2.0	2.0	40.0	8.0
d__Bacteria;p__Proteobacteria;c__Gammaproteobacteria;o__Enterobacterales;__;__	0.0	2.0	0.0	0.0	3.0	0.0	0.0	15.0
d__Bacteria;p__Verrucomicrobiota;c__Lentisphaeria;o__Victivallales;f__vadinBE97;g__vadinBE97	1.0	14.0	0.0	0.0	0.0	0.0	0.0	9.0
d__Bacteria;p__Firmicutes;c__Clostridia;o__Peptostreptococcales-Tissierellales;f__Anaerovoracaceae;g__Family_XIII_AD3011_group	16.0	35.0	27.0	2.0	2.0	14.0	22.0	11.0
d__Bacteria;p__Firmicutes;c__Clostridia;o__Lachnospirales;f__Lachnospiraceae;g__[Eubacterium]_fissicatena_group	0.0	0.0	0.0	0.0	3.0	84.0	6.0	1.0
d__Bacteria;p__Firmicutes;c__Clostridia;o__Oscillospirales;f__Oscillospiraceae;g__uncultured	3.0	6.0	3.0	5.0	7.0	28.0	27.0	3.0
d__Bacteria;__;__;__;__;__	18.0	32.0	68.0	2.0	12.0	50.0	56.0	174.0
d__Bacteria;p__Firmicutes;c__Clostridia;o__Lachnospirales;f__Lachnospiraceae;g__Marvinbryantia	12.0	3.0	12.0	0.0	0.0	2.0	0.0	26.0
d__Bacteria;p__Actinobacteriota;c__Coriobacteriia;o__Coriobacteriales;f__Eggerthellaceae;g__Senegalimassilia	0.0	2.0	0.0	0.0	0.0	3.0	2.0	43.0
d__Bacteria;p__Firmicutes;__;__;__;__	0.0	1.0	2.0	1.0	3.0	2.0	0.0	17.0
d__Bacteria;p__Firmicutes;c__Clostridia;o__Peptostreptococcales-Tissierellales;f__Anaerovoracaceae;g__[Eubacterium]_brachy_group	0.0	2.0	1.0	0.0	0.0	0.0	2.0	4.0
d__Bacteria;p__Firmicutes;c__Clostridia;o__Lachnospirales;f__Lachnospiraceae;g__Moryella	17.0	6.0	34.0	4.0	0.0	8.0	0.0	0.0
d__Bacteria;p__Firmicutes;c__Clostridia;o__Clostridiales;f__Clostridiaceae;g__Sarcina	19.0	2.0	0.0	0.0	0.0	0.0	0.0	2.0
d__Bacteria;p__Firmicutes;c__Clostridia;o__Oscillospirales;__;__	3.0	33.0	13.0	1.0	3.0	56.0	1.0	26.0
d__Bacteria;p__Bacteroidota;c__Bacteroidia;o__Bacteroidales;f__Porphyromonadaceae;g__Porphyromonas	0.0	21.0	2.0	0.0	4.0	1.0	0.0	23.0
d__Bacteria;p__Verrucomicrobiota;c__Verrucomicrobiae;o__Opitutales;f__Puniceicoccaceae;g__uncultured	1.0	26.0	14.0	0.0	0.0	1.0	0.0	2.0
d__Bacteria;p__Firmicutes;c__Clostridia;o__Oscillospirales;f__Butyricicoccaceae;g__UCG-009	11.0	10.0	0.0	8.0	0.0	5.0	1.0	3.0
d__Bacteria;p__Firmicutes;c__Bacilli;o__Erysipelotrichales;f__Erysipelotrichaceae;g__Holdemania	0.0	12.0	24.0	2.0	0.0	7.0	20.0	2.0
d__Bacteria;p__Firmicutes;c__Clostridia;o__Oscillospirales;f__Ruminococcaceae;g__Negativibacillus	0.0	0.0	2.0	0.0	30.0	11.0	23.0	2.0
d__Bacteria;p__Firmicutes;c__Bacilli;o__Lactobacillales;f__Streptococcaceae;g__Lactococcus	0.0	2.0	0.0	1.0	10.0	6.0	0.0	4.0
d__Bacteria;p__Firmicutes;c__Clostridia;o__Oscillospirales;f__Oscillospiraceae;__	9.0	50.0	45.0	12.0	39.0	41.0	11.0	54.0
d__Bacteria;p__Firmicutes;c__Clostridia;o__Oscillospirales;f__Ruminococcaceae;g__Anaerotruncus	0.0	5.0	3.0	0.0	5.0	18.0	8.0	1.0
d__Bacteria;p__Firmicutes;c__Clostridia;o__Oscillospirales;f__Oscillospirales;g__Hydrogenoanaerobacterium	0.0	5.0	0.0	0.0	0.0	2.0	4.0	0.0
d__Bacteria;p__Firmicutes;c__Clostridia;o__Lachnospirales;f__Lachnospiraceae;g__[Eubacterium]_oxidoreducens_group	6.0	30.0	67.0	4.0	1.0	29.0	7.0	67.0
d__Bacteria;p__Firmicutes;c__Clostridia;o__Lachnospirales;f__Lachnospiraceae;g__Lachnospiraceae	0.0	1.0	0.0	0.0	10.0	0.0	0.0	13.0
d__Bacteria;p__Desulfobacterota;c__Desulfovibrionia;o__Desulfovibrionales;f__Desulfovibrionaceae;g__Desulfovibrio	1.0	5.0	9.0	0.0	2.0	3.0	12.0	23.0
d__Bacteria;p__Actinobacteriota;c__Actinobacteria;o__Actinomycetales;f__Actinomycetaceae;g__Actinomyces	0.0	0.0	1.0	0.0	2.0	1.0	0.0	5.0
d__Bacteria;p__Firmicutes;c__Bacilli;o__Lactobacillales;f__Carnobacteriaceae;g__Granulicatella	6.0	0.0	0.0	0.0	1.0	3.0	1.0	3.0
d__Bacteria;p__Firmicutes;c__Clostridia;o__Christensenellales;f__Christensenellaceae;g__uncultured	3.0	8.0	9.0	1.0	0.0	4.0	1.0	0.0
d__Bacteria;p__Actinobacteriota;c__Actinobacteria;o__Micrococcales;f__Micrococcaceae;g__Rothia	2.0	4.0	2.0	0.0	0.0	0.0	0.0	0.0
d__Bacteria;p__Firmicutes;c__Negativicutes;o__Veillonellales-Selenomonadales;f__Veillonellaceae;__	2.0	6.0	3.0	4.0	0.0	0.0	0.0	3.0
d__Bacteria;p__Firmicutes;c__Negativicutes;o__Veillonellales-Selenomonadales;f__Veillonellaceae;g__Megasphaera	2.0	2.0	0.0	0.0	0.0	0.0	0.0	2.0
d__Bacteria;p__Firmicutes;c__Clostridia;o__Lachnospirales;f__Lachnospiraceae;g__Lachnospiraceae_UCG-006	0.0	2.0	0.0	0.0	0.0	0.0	2.0	3.0
d__Bacteria;p__Proteobacteria;c__Gammaproteobacteria;o__Enterobacterales;f__Yersiniaceae;__	0.0	1.0	2.0	1.0	2.0	0.0	0.0	1.0
d__Bacteria;p__Firmicutes;c__Negativicutes;o__Veillonellales-Selenomonadales;f__Selenomonadaceae;g__Megamonas	1.0	0.0	4.0	1.0	1.0	0.0	0.0	3.0
d__Bacteria;p__Actinobacteriota;c__Coriobacteriia;o__Coriobacteriales;f__Eggerthellaceae;g__Gordonibacter	0.0	1.0	9.0	0.0	1.0	0.0	1.0	3.0
d__Bacteria;p__Desulfobacterota;c__Desulfovibrionia;o__Desulfovibrionales;f__Desulfovibrionaceae;g__uncultured	0.0	4.0	6.0	0.0	0.0	2.0	0.0	0.0
d__Bacteria;p__Firmicutes;c__Bacilli;o__Erysipelotrichales;f__Erysipelotrichaceae;g__Turicibacter	3.0	1.0	2.0	0.0	0.0	7.0	0.0	5.0
d__Bacteria;p__Firmicutes;c__Clostridia;o__Lachnospirales;f__Defluviitaleaceae;g__Defluviitaleaceae_UCG-011	0.0	1.0	0.0	9.0	0.0	3.0	0.0	0.0
d__Bacteria;p__Firmicutes;c__Clostridia;o__Oscillospirales;f__Ruminococcaceae;g__Paludicola	0.0	0.0	0.0	0.0	10.0	2.0	0.0	1.0
d__Bacteria;p__Firmicutes;c__Clostridia;o__Lachnospirales;f__Lachnospiraceae;g__Anaerostignum	0.0	1.0	0.0	0.0	4.0	6.0	0.0	0.0
d__Bacteria;p__Firmicutes;c__Clostridia;o__Oscillospirales;f__Ruminococcaceae;g__Phocea	0.0	1.0	2.0	0.0	0.0	1.0	5.0	0.0
d__Bacteria;p__Actinobacteriota;c__Coriobacteriia;o__Coriobacteriales;f__Coriobacteriales_Incertae_Sedis;g__uncultured	0.0	2.0	3.0	1.0	0.0	2.0	1.0	2.0
d__Bacteria;p__Bacteroidota;c__Bacteroidia;o__Bacteroidales;f__Rikenellaceae;g__Rikenellaceae_RC9_gut_group	1.0	2.0	1.0	0.0	0.0	0.0	8.0	9.0
d__Bacteria;p__Firmicutes;c__Clostridia;o__Oscillospirales;f__Ruminococcaceae;g__Candidatus_Soleaferrea	0.0	1.0	2.0	1.0	10.0	0.0	3.0	3.0
d__Bacteria;p__Bacteroidota;c__Bacteroidia;o__Bacteroidales;f__uncultured;g__uncultured	1.0	1.0	0.0	0.0	0.0	0.0	1.0	2.0
d__Bacteria;p__Firmicutes;c__Clostridia;o__Lachnospirales;f__Lachnospiraceae;g__Lachnospiraceae_NC2004_group	1.0	1.0	2.0	0.0	0.0	0.0	0.0	0.0
d__Bacteria;p__Firmicutes;c__Negativicutes;o__Veillonellales-Selenomonadales;f__Selenomonadaceae;g__Mitsuokella	1.0	1.0	2.0	0.0	0.0	0.0	0.0	0.0
d__Bacteria;p__Firmicutes;c__Clostridia;o__Oscillospirales;f__uncultured;g__uncultured	0.0	4.0	1.0	0.0	0.0	3.0	0.0	0.0
d__Bacteria;p__Firmicutes;c__Bacilli;o__Erysipelotrichales;f__Erysipelotrichaceae;g__Dielma	0.0	3.0	2.0	0.0	0.0	0.0	9.0	0.0
d__Bacteria;p__Firmicutes;c__Clostridia;o__Oscillospirales;f__Ethanoligenenaceae;g__Acetanaerobacterium	0.0	1.0	1.0	0.0	3.0	0.0	0.0	0.0
d__Bacteria;p__Firmicutes;c__Bacilli;o__Staphylococcales;f__Gemellaceae;g__Gemella	0.0	1.0	1.0	0.0	0.0	1.0	1.0	0.0
d__Bacteria;p__Actinobacteriota;c__Coriobacteriia;o__Coriobacteriales;f__Eggerthellaceae;g__Adlercreutzia	0.0	1.0	4.0	0.0	0.0	0.0	2.0	1.0
d__Bacteria;p__Firmicutes;c__Clostridia;o__Oscillospirales;f__Ruminococcaceae;g__Caproiciproducens	0.0	0.0	5.0	0.0	1.0	1.0	0.0	0.0
d__Bacteria;p__Proteobacteria;c__Gammaproteobacteria;o__Burkholderiales;f__Burkholderiaceae;g__Lautropia	0.0	0.0	1.0	0.0	0.0	1.0	1.0	0.0
d__Bacteria;p__Firmicutes;c__Clostridia;o__Peptostreptococcales-Tissierellales;f__Peptostreptococcales-Tissierellales;g__Peptoniphilus	0.0	0.0	2.0	0.0	5.0	0.0	0.0	1.0
d__Bacteria;p__Firmicutes;c__Clostridia;o__Peptococcales;f__Peptococcaceae;g__Peptococcus	0.0	0.0	1.0	0.0	0.0	1.0	1.0	1.0
d__Bacteria;p__Bacteroidota;c__Bacteroidia;o__Bacteroidales;f__Bacteroidaceae;g__Bacteroides;s__Bacteroides_vulgatus	644.0	1720.0	17951.0	440.0	6203.0	1354.0	40550.0	8312.0
d__Bacteria;p__Bacteroidota;c__Bacteroidia;o__Bacteroidales;f__Prevotellaceae;g__Prevotella;s__Prevotella_copri	63695.0	131.0	168.0	18653.0	76.0	37.0	366.0	240.0
d__Bacteria;p__Bacteroidota;c__Bacteroidia;o__Bacteroidales;f__Bacteroidaceae;g__Bacteroides;s__Bacteroides_coprocola	5.0	6.0	6.0	8.0	3.0	22.0	14.0	62902.0
d__Bacteria;p__Firmicutes;c__Clostridia;o__Lachnospirales;f__Lachnospiraceae;g__Agathobacter;__	1123.0	2044.0	10303.0	229.0	40.0	1017.0	10482.0	15836.0
d__Bacteria;p__Firmicutes;c__Clostridia;o__Oscillospirales;f__Ruminococcaceae;g__Faecalibacterium;__	1673.0	5678.0	18195.0	3524.0	1404.0	3564.0	6209.0	17567.0
d__Bacteria;p__Bacteroidota;c__Bacteroidia;o__Bacteroidales;f__Bacteroidaceae;g__Bacteroides;__	2695.0	6132.0	13034.0	1117.0	39136.0	15223.0	30246.0	16426.0
d__Bacteria;p__Bacteroidota;c__Bacteroidia;o__Bacteroidales;f__Bacteroidaceae;g__Bacteroides;s__Bacteroides_stercoris	155.0	107.0	12843.0	7.0	19.0	60.0	2045.0	1768.0
d__Bacteria;p__Firmicutes;c__Negativicutes;o__Veillonellales-Selenomonadales;f__Veillonellaceae;g__Dialister;__	2005.0	9623.0	3443.0	4718.0	16.0	21.0	293.0	703.0
d__Bacteria;p__Proteobacteria;c__Gammaproteobacteria;o__Burkholderiales;f__Sutterellaceae;g__Parasutterella;s__Parasutterella_excrementihominis	15.0	20.0	10.0	11.0	2735.0	7436.0	27.0	134.0
d__Bacteria;p__Bacteroidota;c__Bacteroidia;o__Bacteroidales;f__Bacteroidaceae;g__Bacteroides;s__Bacteroides_caccae	330.0	369.0	5093.0	10.0	15.0	36.0	2704.0	566.0
d__Bacteria;p__Firmicutes;c__Clostridia;o__Oscillospirales;f__Ruminococcaceae;g__CAG-352;s__uncultured_bacterium	7.0	96.0	612.0	49.0	491.0	3007.0	273.0	2838.0
d__Bacteria;p__Firmicutes;c__Clostridia;o__Lachnospirales;f__Lachnospiraceae;g__Blautia;__	378.0	308.0	1051.0	58.0	3898.0	506.0	1271.0	8175.0
d__Bacteria;p__Firmicutes;c__Clostridia;o__Lachnospirales;f__Lachnospiraceae;g__Roseburia;s__uncultured_Roseburia	6.0	27.0	7.0	1393.0	0.0	4.0	92.0	7483.0
d__Bacteria;p__Bacteroidota;c__Bacteroidia;o__Bacteroidales;f__Rikenellaceae;g__Alistipes;__	122.0	628.0	2532.0	146.0	12.0	1161.0	3849.0	641.0
d__Bacteria;p__Bacteroidota;c__Bacteroidia;o__Bacteroidales;f__Prevotellaceae;g__Prevotella;s__Trichuris_trichiura	112.0	37.0	29.0	3903.0	9.0	42.0	292.0	115.0
d__Bacteria;p__Bacteroidota;c__Bacteroidia;o__Bacteroidales;f__Tannerellaceae;g__Parabacteroides;s__Parabacteroides_merdae	608.0	427.0	24.0	276.0	3245.0	3093.0	236.0	1290.0
d__Bacteria;p__Actinobacteriota;c__Actinobacteria;o__Bifidobacteriales;f__Bifidobacteriaceae;g__Bifidobacterium;__	97.0	198.0	1827.0	84.0	1306.0	252.0	867.0	9490.0
d__Bacteria;p__Bacteroidota;c__Bacteroidia;o__Bacteroidales;f__Bacteroidaceae;g__Bacteroides;s__Bacteroides_intestinalis	8.0	6926.0	85.0	3.0	1.0	3.0	16.0	0.0
d__Bacteria;p__Proteobacteria;c__Gammaproteobacteria;o__Enterobacterales;f__Enterobacteriaceae;g__Escherichia-Shigella;__	15.0	126.0	586.0	120.0	873.0	421.0	68.0	4479.0
d__Bacteria;p__Firmicutes;c__Clostridia;o__Lachnospirales;f__Lachnospiraceae;g__Roseburia;__	555.0	772.0	5305.0	856.0	28.0	1128.0	600.0	5514.0
d__Bacteria;p__Bacteroidota;c__Bacteroidia;o__Bacteroidales;f__Prevotellaceae;g__Paraprevotella;s__Paraprevotella_clara	15.0	3950.0	7.0	1.0	8.0	3.0	57.0	2037.0
d__Bacteria;p__Firmicutes;c__Clostridia;o__Oscillospirales;f__Ruminococcaceae;__;__	23.0	389.0	1091.0	165.0	684.0	1639.0	303.0	1992.0
d__Bacteria;p__Firmicutes;c__Clostridia;o__Oscillospirales;f__Ruminococcaceae;g__Subdoligranulum;__	958.0	1597.0	4354.0	2871.0	25.0	154.0	889.0	6835.0
d__Bacteria;p__Firmicutes;c__Bacilli;o__Erysipelotrichales;f__Erysipelatoclostridiaceae;g__Erysipelotrichaceae_UCG-003;__	95.0	203.0	252.0	24.0	3.0	345.0	183.0	5818.0
d__Bacteria;p__Firmicutes;c__Clostridia;o__Lachnospirales;f__Lachnospiraceae;g__Butyrivibrio;s__Butyrivibrio_crossotus	1.0	5.0	12.0	7.0	3.0	4040.0	8.0	1660.0
d__Bacteria;p__Bacteroidota;c__Bacteroidia;o__Bacteroidales;f__Prevotellaceae;g__Prevotella;__	2995.0	119.0	86.0	3982.0	66.0	107.0	613.0	277.0
d__Bacteria;p__Firmicutes;c__Clostridia;o__Lachnospirales;f__Lachnospiraceae;g__Lachnospiraceae_NK4A136_group;s__gut_metagenome	193.0	568.0	722.0	212.0	39.0	665.0	2200.0	3992.0
d__Bacteria;p__Bacteroidota;c__Bacteroidia;o__Bacteroidales;f__Muribaculaceae;g__Muribaculaceae;s__uncultured_bacterium	4.0	4051.0	1.0	0.0	1.0	5.0	3.0	9.0
d__Bacteria;p__Firmicutes;c__Clostridia;o__Lachnospirales;f__Lachnospiraceae;g__Fusicatenibacter;__	244.0	1556.0	255.0	11.0	8.0	175.0	597.0	2816.0
d__Bacteria;p__Firmicutes;c__Clostridia;o__Oscillospirales;f__Oscillospiraceae;g__UCG-002;__	215.0	1853.0	1395.0	357.0	14.0	2282.0	72.0	1077.0
d__Bacteria;p__Firmicutes;c__Clostridia;o__Lachnospirales;f__Lachnospiraceae;g__Lachnospiraceae_NK4A136_group;__	96.0	1095.0	666.0	207.0	18.0	53.0	583.0	4304.0
d__Bacteria;p__Firmicutes;c__Clostridia;o__Christensenellales;f__Christensenellaceae;g__Christensenellaceae_R-7_group;__	251.0	1366.0	1041.0	21.0	7.0	1453.0	39.0	23.0
d__Bacteria;p__Proteobacteria;c__Gammaproteobacteria;o__Burkholderiales;f__Sutterellaceae;g__Sutterella;s__Sutterella_stercoricanis	704.0	1666.0	8.0	49.0	10.0	8.0	297.0	1284.0
d__Bacteria;p__Firmicutes;c__Clostridia;o__Lachnospirales;f__Lachnospiraceae;g__Anaerostipes;__	97.0	557.0	307.0	28.0	536.0	163.0	159.0	3602.0
d__Bacteria;p__Bacteroidota;c__Bacteroidia;o__Bacteroidales;f__Bacteroidaceae;g__Bacteroides;s__Bacteroides_massiliensis	278.0	11.0	32.0	102.0	15.0	25.0	15.0	3227.0
d__Bacteria;p__Firmicutes;c__Clostridia;o__Oscillospirales;f__Oscillospiraceae;g__UCG-002;s__Trichuris_trichiura	3.0	809.0	142.0	62.0	5.0	797.0	17.0	21.0
d__Bacteria;p__Firmicutes;c__Clostridia;o__Lachnospirales;f__Lachnospiraceae;g__Lachnospiraceae_ND3007_group;s__metagenome	56.0	28.0	1011.0	2.0	1.0	24.0	48.0	1759.0
d__Bacteria;p__Firmicutes;c__Negativicutes;o__Veillonellales-Selenomonadales;f__Veillonellaceae;g__Dialister;s__Dialister_propionicifaciens	5.0	2398.0	4.0	1.0	8.0	2.0	334.0	2.0
d__Bacteria;p__Bacteroidota;c__Bacteroidia;o__Bacteroidales;f__Rikenellaceae;g__Alistipes;s__Alistipes_putredinis	84.0	281.0	10.0	127.0	1.0	826.0	46.0	565.0
d__Bacteria;p__Firmicutes;c__Clostridia;o__Oscillospirales;f__Ruminococcaceae;g__Ruminococcus;s__Ruminococcus_bicirculans	911.0	30.0	1236.0	112.0	10.0	957.0	169.0	127.0
d__Bacteria;p__Firmicutes;c__Clostridia;o__Lachnospirales;f__Lachnospiraceae;g__Dorea;__	93.0	195.0	330.0	29.0	1.0	195.0	389.0	3106.0
d__Bacteria;p__Firmicutes;c__Clostridia;o__Oscillospirales;f__Oscillospiraceae;g__UCG-005;__	17.0	103.0	50.0	48.0	0.0	201.0	9.0	2092.0
d__Bacteria;p__Firmicutes;c__Clostridia;o__Oscillospirales;f__[Eubacterium]_coprostanoligenes_group;g__[Eubacterium]_coprostanoligenes_group;s__gut_metagenome	39.0	1873.0	17.0	23.0	12.0	275.0	57.0	1106.0
d__Bacteria;p__Firmicutes;c__Bacilli;o__Erysipelotrichales;f__Erysipelatoclostridiaceae;g__Catenibacterium;s__Catenibacterium_mitsuokai	0.0	1.0	1.0	0.0	0.0	1.0	0.0	2449.0
d__Bacteria;p__Firmicutes;c__Clostridia;o__Lachnospirales;f__Lachnospiraceae;__;__	610.0	720.0	1797.0	294.0	694.0	909.0	963.0	7227.0
d__Bacteria;p__Bacteroidota;c__Bacteroidia;o__Bacteroidales;f__Tannerellaceae;g__Parabacteroides;s__Parabacteroides_johnsonii	4.0	744.0	5.0	0.0	7.0	2026.0	14.0	4.0
d__Bacteria;p__Firmicutes;c__Clostridia;o__Lachnospirales;f__Lachnospiraceae;g__[Eubacterium]_ventriosum_group;s__uncultured_Lachnospiraceae	21.0	3.0	9.0	2.0	7.0	3.0	1.0	1814.0
d__Bacteria;p__Firmicutes;c__Clostridia;o__Oscillospirales;f__Ruminococcaceae;g__[Eubacterium]_siraeum_group;s__[Eubacterium]_siraeum	11.0	2006.0	82.0	3.0	7.0	2.0	14.0	22.0
d__Bacteria;p__Firmicutes;c__Clostridia;o__Oscillospirales;f__Oscillospiraceae;g__NK4A214_group;s__metagenome	698.0	261.0	668.0	208.0	5.0	61.0	2.0	156.0
d__Bacteria;p__Firmicutes;c__Bacilli;o__Acholeplasmatales;f__Acholeplasmataceae;g__Anaeroplasma;s__uncultured_bacterium	0.0	0.0	1577.0	1.0	5.0	4.0	24.0	2.0
d__Bacteria;p__Firmicutes;c__Clostridia;o__Lachnospirales;f__Lachnospiraceae;g__[Eubacterium]_eligens_group;s__[Eubacterium]_eligens	26.0	148.0	65.0	81.0	3.0	119.0	425.0	1298.0
d__Bacteria;p__Bacteroidota;c__Bacteroidia;o__Bacteroidales;f__Rikenellaceae;g__Alistipes;s__Alistipes_shahii	102.0	717.0	123.0	26.0	2.0	299.0	283.0	113.0
d__Bacteria;p__Bacteroidota;c__Bacteroidia;o__Bacteroidales;f__Bacteroidaceae;g__Bacteroides;s__Bacteroides_salyersiae	0.0	0.0	1.0	0.0	1.0	3.0	1262.0	34.0
d__Bacteria;p__Firmicutes;c__Clostridia;o__Lachnospirales;f__Lachnospiraceae;g__Lachnospira;s__gut_metagenome	114.0	41.0	249.0	9.0	21.0	102.0	36.0	2038.0
d__Bacteria;p__Verrucomicrobiota;c__Verrucomicrobiae;o__Verrucomicrobiales;f__Akkermansiaceae;g__Akkermansia;s__Akkermansia_muciniphila	8.0	2.0	34.0	82.0	0.0	1507.0	0.0	5.0
d__Bacteria;p__Firmicutes;c__Clostridia;o__Lachnospirales;f__Lachnospiraceae;g__[Eubacterium]_xylanophilum_group;s__uncultured_organism	3.0	316.0	1038.0	0.0	2.0	37.0	79.0	488.0
d__Bacteria;p__Bacteroidota;c__Bacteroidia;o__Bacteroidales;f__Bacteroidaceae;g__Bacteroides;s__Bacteroides_eggerthii	9.0	12.0	20.0	3.0	13.0	4493.0	1.0	76.0
d__Bacteria;p__Firmicutes;c__Clostridia;o__Lachnospirales;f__Lachnospiraceae;g__Lachnospira;__	483.0	22.0	576.0	19.0	5.0	18.0	100.0	803.0
d__Bacteria;p__Firmicutes;c__Clostridia;o__Lachnospirales;f__Lachnospiraceae;g__[Eubacterium]_hallii_group;__	106.0	46.0	495.0	8.0	3.0	135.0	387.0	1745.0
d__Bacteria;p__Firmicutes;c__Clostridia;o__Lachnospirales;f__Lachnospiraceae;g__Blautia;s__Blautia_faecis	162.0	41.0	363.0	33.0	1.0	74.0	1009.0	216.0
d__Bacteria;p__Firmicutes;c__Negativicutes;o__Acidaminococcales;f__Acidaminococcaceae;g__Phascolarctobacterium;__	144.0	11.0	7.0	1.0	636.0	371.0	19.0	22.0
d__Bacteria;p__Firmicutes;c__Clostridia;o__Lachnospirales;f__Lachnospiraceae;g__[Ruminococcus]_torques_group;__	100.0	265.0	467.0	44.0	838.0	64.0	320.0	706.0
d__Bacteria;p__Firmicutes;c__Clostridia;o__Lachnospirales;f__Lachnospiraceae;g__[Ruminococcus]_gauvreauii_group;s__uncultured_Clostridiales	32.0	7.0	59.0	1.0	1.0	0.0	24.0	807.0
d__Bacteria;p__Firmicutes;c__Clostridia;o__Lachnospirales;f__Lachnospiraceae;g__[Ruminococcus]_torques_group;s__Ruminococcus_lactaris	0.0	1.0	4.0	10.0	2.0	425.0	253.0	775.0
d__Bacteria;p__Firmicutes;c__Clostridia;o__Lachnospirales;f__Lachnospiraceae;g__[Eubacterium]_eligens_group;__	10.0	108.0	153.0	21.0	1.0	101.0	157.0	294.0
d__Bacteria;p__Firmicutes;c__Clostridia;o__Oscillospirales;f__Oscillospiraceae;g__UCG-003;__	78.0	281.0	216.0	36.0	2.0	112.0	126.0	317.0
d__Bacteria;p__Firmicutes;c__Clostridia;o__Lachnospirales;f__Lachnospiraceae;g__Lachnospiraceae_UCG-010;s__uncultured_organism	1.0	135.0	100.0	62.0	1.0	366.0	501.0	67.0
d__Bacteria;p__Bacteroidota;c__Bacteroidia;o__Bacteroidales;f__Tannerellaceae;g__Parabacteroides;s__Parabacteroides_distasonis	2.0	43.0	176.0	0.0	0.0	8.0	910.0	28.0
d__Bacteria;p__Bacteroidota;c__Bacteroidia;o__Bacteroidales;f__Bacteroidaceae;g__Bacteroides;s__Bacteroides_dorei	21.0	30.0	1117.0	5.0	141.0	140.0	710.0	224.0
d__Bacteria;p__Actinobacteriota;c__Coriobacteriia;o__Coriobacteriales;f__Coriobacteriaceae;g__Collinsella;__	42.0	4.0	64.0	2.0	198.0	23.0	36.0	637.0
d__Bacteria;p__Firmicutes;c__Clostridia;o__Lachnospirales;f__Lachnospiraceae;g__Coprococcus;__	33.0	68.0	166.0	97.0	2.0	133.0	100.0	782.0
d__Bacteria;p__Proteobacteria;c__Gammaproteobacteria;o__Burkholderiales;f__Sutterellaceae;g__Sutterella;s__Sutterellaceae_bacterium	0.0	0.0	1729.0	0.0	0.0	3.0	1.0	1.0
d__Bacteria;p__Firmicutes;c__Clostridia;o__Oscillospirales;f__Oscillospiraceae;g__Flavonifractor;__	3.0	27.0	25.0	2.0	275.0	97.0	419.0	20.0
d__Bacteria;p__Firmicutes;c__Clostridia;o__Monoglobales;f__Monoglobaceae;g__Monoglobus;__	54.0	47.0	310.0	122.0	21.0	32.0	191.0	139.0
d__Bacteria;p__Bacteroidota;c__Bacteroidia;o__Bacteroidales;f__Barnesiellaceae;g__Barnesiella;__	24.0	774.0	13.0	51.0	6.0	1100.0	50.0	429.0
d__Bacteria;p__Firmicutes;c__Bacilli;o__Lactobacillales;f__Lactobacillaceae;g__Lactobacillus;s__Lactobacillus_ruminis	0.0	0.0	752.0	122.0	0.0	1.0	0.0	0.0
d__Bacteria;p__Firmicutes;c__Clostridia;o__Oscillospirales;f__Oscillospiraceae;g__UCG-002;s__gut_metagenome	78.0	121.0	170.0	39.0	51.0	105.0	266.0	49.0
d__Bacteria;p__Desulfobacterota;c__Desulfovibrionia;o__Desulfovibrionales;f__Desulfovibrionaceae;g__Bilophila;s__Bilophila_wadsworthia	26.0	46.0	85.0	4.0	2.0	329.0	268.0	11.0
d__Bacteria;p__Firmicutes;c__Clostridia;o__Lachnospirales;f__Lachnospiraceae;g__Coprococcus;s__Lachnospiraceae_bacterium	1.0	1.0	337.0	193.0	0.0	5.0	3.0	368.0
d__Bacteria;p__Firmicutes;c__Clostridia;o__Lachnospirales;f__Lachnospiraceae;g__Hungatella;__	10.0	19.0	10.0	0.0	865.0	4.0	60.0	2.0
d__Bacteria;p__Firmicutes;c__Clostridia;o__Oscillospirales;f__Oscillospiraceae;g__Colidextribacter;s__gut_metagenome	0.0	0.0	0.0	0.0	440.0	1.0	415.0	1.0
d__Bacteria;p__Firmicutes;c__Clostridia;o__Lachnospirales;f__Lachnospiraceae;g__Lachnospiraceae_UCG-001;s__metagenome	567.0	7.0	186.0	7.0	0.0	11.0	8.0	672.0
d__Bacteria;p__Firmicutes;c__Clostridia;o__Lachnospirales;f__Lachnospiraceae;g__Coprococcus;s__Coprococcus_comes	7.0	15.0	29.0	12.0	1.0	30.0	23.0	130.0
d__Bacteria;p__Firmicutes;c__Clostridia;o__Lachnospirales;f__Lachnospiraceae;g__Roseburia;s__Roseburia_hominis	168.0	142.0	22.0	23.0	1.0	94.0	109.0	134.0
d__Bacteria;p__Firmicutes;c__Clostridia;o__Oscillospirales;f__Oscillospiraceae;g__UCG-005;s__uncultured_organism	13.0	176.0	685.0	29.0	3.0	4.0	4.0	23.0
d__Bacteria;p__Bacteroidota;c__Bacteroidia;o__Bacteroidales;f__Tannerellaceae;__;__	2.0	467.0	3.0	0.0	2.0	11.0	405.0	6.0
d__Bacteria;p__Proteobacteria;c__Gammaproteobacteria;o__Burkholderiales;f__Sutterellaceae;g__Sutterella;__	23.0	241.0	325.0	42.0	2.0	6.0	15.0	558.0
d__Bacteria;p__Bacteroidota;c__Bacteroidia;o__Bacteroidales;f__Marinifilaceae;g__Odoribacter;__	25.0	194.0	183.0	27.0	4.0	182.0	5.0	129.0
d__Bacteria;p__Firmicutes;c__Clostridia;o__Oscillospirales;f__Oscillospiraceae;g__Oscillibacter;s__gut_metagenome	8.0	10.0	16.0	1.0	156.0	58.0	256.0	5.0
d__Bacteria;p__Firmicutes;c__Bacilli;o__Erysipelotrichales;f__Erysipelotrichaceae;g__Faecalitalea;__	0.0	0.0	2.0	0.0	622.0	8.0	14.0	13.0
d__Bacteria;p__Firmicutes;c__Clostridia;o__Lachnospirales;f__Lachnospiraceae;g__Lachnoclostridium;__	46.0	41.0	181.0	21.0	428.0	109.0	191.0	354.0
d__Bacteria;p__Firmicutes;c__Clostridia;o__Oscillospirales;f__[Eubacterium]_coprostanoligenes_group;g__[Eubacterium]_coprostanoligenes_group;s__human_gut	11.0	220.0	6.0	4.0	1.0	903.0	9.0	25.0
d__Bacteria;p__Firmicutes;c__Bacilli;o__Erysipelotrichales;f__Erysipelatoclostridiaceae;g__Coprobacillus;__	0.0	0.0	1.0	0.0	592.0	0.0	4.0	0.0
d__Bacteria;p__Firmicutes;c__Clostridia;o__Oscillospirales;f__Ruminococcaceae;g__Ruminococcus;s__Clostridiaceae_bacterium	0.0	5.0	0.0	12.0	0.0	0.0	5.0	558.0
d__Bacteria;p__Firmicutes;c__Clostridia;o__Lachnospirales;f__Lachnospiraceae;g__uncultured;s__human_gut	40.0	27.0	51.0	37.0	119.0	17.0	62.0	307.0
d__Bacteria;p__Firmicutes;c__Clostridia;o__Lachnospirales;f__Lachnospiraceae;g__[Eubacterium]_xylanophilum_group;s__metagenome	1.0	0.0	75.0	1.0	0.0	0.0	78.0	411.0
d__Bacteria;p__Firmicutes;c__Clostridia;o__Oscillospirales;f__Ruminococcaceae;g__Ruminococcus;__	25.0	75.0	492.0	36.0	113.0	530.0	86.0	439.0
d__Bacteria;p__Bacteroidota;c__Bacteroidia;o__Bacteroidales;f__Rikenellaceae;g__Alistipes;s__Alistipes_obesi	1.0	7.0	175.0	10.0	227.0	120.0	11.0	9.0
d__Bacteria;p__Bacteroidota;c__Bacteroidia;o__Bacteroidales;f__Prevotellaceae;g__Alloprevotella;s__gut_metagenome	0.0	1087.0	1.0	0.0	2.0	0.0	0.0	5.0
d__Bacteria;p__Firmicutes;c__Clostridia;o__Lachnospirales;f__Lachnospiraceae;g__Tyzzerella;s__Anaerotignum_lactatifermentans	3.0	7.0	2.0	0.0	468.0	0.0	27.0	0.0
d__Bacteria;p__Firmicutes;c__Bacilli;o__Lactobacillales;f__Streptococcaceae;g__Streptococcus;__	26.0	16.0	16.0	4.0	9.0	71.0	43.0	510.0
d__Bacteria;p__Bacteroidota;c__Bacteroidia;o__Bacteroidales;f__Rikenellaceae;g__Alistipes;s__Alistipes_finegoldii	0.0	99.0	1.0	27.0	0.0	267.0	193.0	35.0
d__Bacteria;p__Firmicutes;c__Clostridia;o__Lachnospirales;f__Lachnospiraceae;g__Lachnospiraceae_UCG-008;s__uncultured_organism	41.0	20.0	154.0	27.0	2.0	39.0	92.0	461.0
d__Bacteria;p__Firmicutes;c__Clostridia;o__Lachnospirales;f__Lachnospiraceae;g__Lachnospiraceae_UCG-004;__	62.0	153.0	249.0	16.0	5.0	8.0	130.0	252.0
d__Bacteria;p__Firmicutes;c__Clostridia;o__Lachnospirales;f__Lachnospiraceae;g__CAG-56;__	57.0	3.0	195.0	2.0	0.0	19.0	12.0	516.0
d__Bacteria;p__Proteobacteria;c__Gammaproteobacteria;o__Pasteurellales;f__Pasteurellaceae;__;__	55.0	69.0	7.0	10.0	3.0	4.0	50.0	103.0
d__Bacteria;p__Firmicutes;c__Clostridia;o__Clostridia_UCG-014;f__Clostridia_UCG-014;g__Clostridia_UCG-014;s__gut_metagenome	32.0	2.0	84.0	36.0	3.0	31.0	8.0	250.0
d__Bacteria;p__Bacteroidota;c__Bacteroidia;o__Bacteroidales;f__Rikenellaceae;g__Alistipes;s__Alistipes_inops	0.0	0.0	239.0	0.0	2.0	1.0	456.0	2.0
d__Bacteria;p__Firmicutes;c__Bacilli;o__Lactobacillales;f__Lactobacillaceae;g__Lactobacillus;__	0.0	5.0	349.0	42.0	1.0	1.0	0.0	13.0
d__Bacteria;p__Proteobacteria;c__Gammaproteobacteria;o__Enterobacterales;f__Enterobacteriaceae;__;__	66.0	11.0	12.0	138.0	20.0	36.0	18.0	339.0
d__Bacteria;p__Firmicutes;c__Clostridia;o__Lachnospirales;f__Lachnospiraceae;g__[Ruminococcus]_torques_group;s__Dorea_longicatena	2.0	0.0	3.0	0.0	0.0	159.0	1.0	421.0
d__Bacteria;p__Firmicutes;c__Bacilli;o__Lactobacillales;f__Enterococcaceae;g__Enterococcus;__	0.0	0.0	7.0	0.0	3.0	0.0	0.0	409.0
d__Bacteria;p__Proteobacteria;c__Alphaproteobacteria;o__Rhodospirillales;f__uncultured;g__uncultured;__	0.0	412.0	1.0	0.0	0.0	1.0	3.0	2.0
d__Bacteria;p__Firmicutes;c__Clostridia;o__Clostridiales;f__Clostridiaceae;g__Clostridium_sensu_stricto_1;s__uncultured_Firmicutes	189.0	137.0	26.0	20.0	0.0	12.0	2.0	31.0
d__Bacteria;p__Bacteroidota;c__Bacteroidia;o__Bacteroidales;f__Prevotellaceae;g__Prevotella;s__Massiliprevotella_massiliensis	2.0	592.0	0.0	0.0	1.0	0.0	16.0	12.0
d__Bacteria;p__Firmicutes;c__Clostridia;o__Lachnospirales;f__Lachnospiraceae;g__[Ruminococcus]_gnavus_group;__	12.0	8.0	15.0	0.0	371.0	3.0	93.0	2.0
d__Bacteria;p__Firmicutes;c__Clostridia;o__Lachnospirales;f__Lachnospiraceae;g__[Eubacterium]_ventriosum_group;s__uncultured_organism	0.0	0.0	81.0	1.0	0.0	35.0	142.0	0.0
d__Bacteria;p__Firmicutes;c__Clostridia;o__Lachnospirales;f__Lachnospiraceae;g__Agathobacter;s__Eubacterium_ramulus	16.0	131.0	33.0	5.0	0.0	119.0	11.0	574.0
d__Bacteria;p__Firmicutes;c__Clostridia;o__Oscillospirales;f__Ruminococcaceae;g__Ruminococcus;s__gut_metagenome	4.0	6.0	0.0	1.0	1.0	578.0	4.0	24.0
d__Bacteria;p__Proteobacteria;c__Alphaproteobacteria;o__Rhodospirillales;f__uncultured;g__uncultured;s__gut_metagenome	5.0	15.0	111.0	0.0	2.0	179.0	393.0	61.0
d__Bacteria;p__Firmicutes;c__Clostridia;o__Lachnospirales;f__Lachnospiraceae;g__GCA-900066575;s__uncultured_Clostridium	4.0	11.0	6.0	13.0	0.0	13.0	0.0	222.0
d__Bacteria;p__Firmicutes;c__Clostridia;o__Clostridia_vadinBB60_group;f__Clostridia_vadinBB60_group;g__Clostridia_vadinBB60_group;s__gut_metagenome	1.0	436.0	1.0	0.0	1.0	1.0	13.0	6.0
d__Bacteria;p__Firmicutes;c__Clostridia;o__Oscillospirales;f__Ruminococcaceae;g__UBA1819;__	4.0	42.0	17.0	2.0	205.0	10.0	67.0	1.0
d__Bacteria;p__Firmicutes;c__Clostridia;o__Lachnospirales;f__Lachnospiraceae;g__Coprococcus;s__metagenome	24.0	6.0	2.0	15.0	0.0	30.0	2.0	226.0
d__Bacteria;p__Firmicutes;c__Clostridia;o__Lachnospirales;f__Lachnospiraceae;g__Lachnospiraceae_UCG-001;s__Lachnospiraceae_bacterium	1.0	25.0	71.0	3.0	0.0	26.0	15.0	399.0
d__Bacteria;p__Firmicutes;c__Clostridia;o__Oscillospirales;f__Oscillospiraceae;g__Oscillibacter;__	11.0	27.0	6.0	16.0	127.0	12.0	52.0	50.0
d__Bacteria;p__Bacteroidota;c__Bacteroidia;o__Bacteroidales;f__Tannerellaceae;g__Parabacteroides;__	13.0	116.0	126.0	3.0	19.0	168.0	627.0	120.0
d__Bacteria;p__Firmicutes;c__Clostridia;o__Oscillospirales;f__Ruminococcaceae;g__Fournierella;s__uncultured_bacterium	0.0	59.0	0.0	93.0	0.0	0.0	1.0	187.0
d__Bacteria;p__Firmicutes;c__Clostridia;o__Lachnospirales;f__Lachnospiraceae;g__Coprococcus;s__Coprococcus_eutactus	3.0	3.0	54.0	91.0	1.0	16.0	10.0	187.0
d__Bacteria;p__Bacteroidota;c__Bacteroidia;o__Bacteroidales;f__Marinifilaceae;g__Butyricimonas;__	2.0	24.0	58.0	4.0	2.0	0.0	247.0	18.0
d__Bacteria;p__Firmicutes;c__Clostridia;o__Oscillospirales;f__Butyricicoccaceae;g__Butyricicoccus;s__uncultured_Firmicutes	10.0	4.0	56.0	8.0	0.0	0.0	0.0	55.0
d__Bacteria;p__Firmicutes;c__Negativicutes;o__Veillonellales-Selenomonadales;f__Veillonellaceae;g__Veillonella;__	13.0	88.0	88.0	16.0	9.0	13.0	13.0	30.0
d__Bacteria;p__Firmicutes;c__Clostridia;o__Lachnospirales;f__Lachnospiraceae;g__GCA-900066575;__	1.0	2.0	8.0	11.0	0.0	4.0	5.0	84.0
d__Bacteria;p__Firmicutes;c__Clostridia;o__Oscillospirales;f__[Eubacterium]_coprostanoligenes_group;g__[Eubacterium]_coprostanoligenes_group;__	5.0	334.0	7.0	6.0	327.0	51.0	4.0	138.0
d__Bacteria;p__Firmicutes;c__Clostridia;o__Lachnospirales;f__Lachnospiraceae;g__Lachnospiraceae_UCG-003;__	3.0	2.0	4.0	0.0	0.0	266.0	2.0	17.0
d__Bacteria;p__Firmicutes;c__Clostridia;o__Oscillospirales;f__Ruminococcaceae;g__[Eubacterium]_siraeum_group;s__gut_metagenome	71.0	8.0	164.0	0.0	0.0	38.0	8.0	25.0
d__Bacteria;p__Firmicutes;c__Clostridia;o__Lachnospirales;f__Lachnospiraceae;g__Lachnospiraceae_ND3007_group;__	11.0	10.0	188.0	1.0	0.0	14.0	7.0	436.0
d__Bacteria;p__Firmicutes;c__Clostridia;o__Oscillospirales;f__Oscillospiraceae;g__Colidextribacter;s__Anaerostipes_hadrus	14.0	122.0	50.0	9.0	0.0	3.0	49.0	73.0
d__Bacteria;p__Proteobacteria;c__Gammaproteobacteria;o__Burkholderiales;f__Sutterellaceae;g__Parasutterella;__	0.0	2.0	1.0	0.0	13.0	364.0	0.0	4.0
d__Bacteria;p__Bacteroidota;c__Bacteroidia;o__Bacteroidales;f__Barnesiellaceae;g__Coprobacter;__	0.0	189.0	1.0	0.0	1.0	94.0	0.0	15.0
d__Bacteria;p__Firmicutes;c__Clostridia;o__Oscillospirales;f__Ruminococcaceae;g__Incertae_Sedis;s__uncultured_organism	5.0	1.0	26.0	8.0	100.0	4.0	4.0	25.0
d__Bacteria;p__Firmicutes;c__Clostridia;o__Lachnospirales;f__Lachnospiraceae;g__Blautia;s__metagenome	7.0	0.0	34.0	0.0	0.0	0.0	0.0	78.0
d__Bacteria;p__Firmicutes;c__Clostridia;o__Peptostreptococcales-Tissierellales;f__Peptostreptococcaceae;g__Intestinibacter;__	23.0	1.0	43.0	1.0	4.0	20.0	3.0	77.0
d__Bacteria;p__Firmicutes;c__Clostridia;o__Lachnospirales;f__Lachnospiraceae;g__Lachnospiraceae_UCG-008;__	8.0	0.0	20.0	3.0	0.0	7.0	18.0	32.0
d__Bacteria;p__Firmicutes;c__Clostridia;o__Lachnospirales;f__Lachnospiraceae;g__Lachnospiraceae_ND3007_group;s__uncultured_bacterium	2.0	0.0	38.0	0.0	0.0	1.0	3.0	229.0
d__Bacteria;p__Firmicutes;c__Clostridia;o__Clostridia_UCG-014;f__Clostridia_UCG-014;g__Clostridia_UCG-014;__	17.0	45.0	59.0	122.0	8.0	547.0	1.0	192.0
d__Bacteria;p__Firmicutes;c__Clostridia;o__Christensenellales;f__Christensenellaceae;g__Christensenellaceae_R-7_group;s__uncultured_prokaryote	38.0	28.0	4.0	37.0	1.0	145.0	4.0	208.0
d__Bacteria;p__Firmicutes;c__Clostridia;o__Oscillospirales;f__Ruminococcaceae;g__Incertae_Sedis;__	13.0	17.0	57.0	9.0	90.0	115.0	10.0	77.0
d__Bacteria;p__Firmicutes;c__Clostridia;o__Lachnospirales;f__Lachnospiraceae;g__Blautia;s__Ruminococcus_sp.	11.0	2.0	68.0	0.0	1.0	0.0	37.0	77.0
d__Bacteria;p__Desulfobacterota;c__Desulfovibrionia;o__Desulfovibrionales;f__Desulfovibrionaceae;g__Bilophila;__	9.0	10.0	42.0	3.0	1.0	168.0	150.0	8.0
d__Bacteria;p__Firmicutes;c__Clostridia;o__Lachnospirales;f__Lachnospiraceae;g__Lachnoclostridium;s__human_gut	23.0	18.0	48.0	41.0	1.0	26.0	59.0	276.0
d__Bacteria;p__Firmicutes;c__Clostridia;o__Oscillospirales;f__Butyricicoccaceae;g__Butyricicoccus;__	38.0	11.0	65.0	32.0	11.0	3.0	16.0	132.0
d__Bacteria;p__Bacteroidota;c__Bacteroidia;o__Bacteroidales;f__Bacteroidaceae;g__Bacteroides;s__Bacteroides_plebeius	39.0	22.0	2.0	17.0	12.0	13.0	86.0	0.0
d__Bacteria;p__Firmicutes;c__Clostridia;o__Lachnospirales;f__Lachnospiraceae;g__[Eubacterium]_ruminantium_group;s__gut_metagenome	4.0	142.0	2.0	0.0	1.0	0.0	18.0	72.0
d__Bacteria;p__Firmicutes;c__Bacilli;o__Erysipelotrichales;f__Erysipelotrichaceae;g__[Clostridium]_innocuum_group;__	1.0	0.0	10.0	0.0	127.0	7.0	9.0	0.0
d__Bacteria;p__Proteobacteria;c__Alphaproteobacteria;o__Rhodospirillales;f__uncultured;g__uncultured;s__Azospirillum_sp.	0.0	3.0	161.0	0.0	2.0	0.0	0.0	0.0
d__Bacteria;p__Firmicutes;c__Clostridia;o__Peptostreptococcales-Tissierellales;f__Peptostreptococcaceae;__;__	14.0	12.0	29.0	5.0	18.0	52.0	11.0	62.0
d__Bacteria;p__Bacteroidota;c__Bacteroidia;o__Bacteroidales;f__Bacteroidaceae;g__Bacteroides;s__Bacteroides_acidifaciens	5.0	6.0	1.0	0.0	63.0	116.0	7.0	5.0
d__Bacteria;p__Firmicutes;c__Clostridia;o__Oscillospirales;f__UCG-010;g__UCG-010;s__uncultured_organism	1.0	4.0	1.0	0.0	0.0	1.0	55.0	4.0
d__Bacteria;p__Firmicutes;c__Clostridia;o__Oscillospirales;f__Oscillospiraceae;g__UCG-003;s__Marseillibacter_massiliensis	29.0	62.0	59.0	11.0	1.0	11.0	9.0	79.0
d__Bacteria;p__Firmicutes;c__Clostridia;o__Lachnospirales;f__Lachnospiraceae;g__Anaerosporobacter;s__uncultured_organism	4.0	12.0	22.0	4.0	5.0	1.0	56.0	55.0
d__Bacteria;p__Bacteroidota;c__Bacteroidia;o__Bacteroidales;f__Barnesiellaceae;g__uncultured;s__uncultured_organism	0.0	179.0	48.0	0.0	0.0	0.0	2.0	1.0
d__Bacteria;p__Firmicutes;c__Clostridia;o__Oscillospirales;f__Ruminococcaceae;g__uncultured;s__gut_metagenome	1.0	42.0	91.0	2.0	3.0	3.0	10.0	15.0
d__Bacteria;p__Firmicutes;c__Bacilli;o__Erysipelotrichales;f__Erysipelotrichaceae;g__Holdemanella;__	1.0	101.0	0.0	8.0	0.0	2.0	1.0	3.0
d__Bacteria;p__Firmicutes;c__Clostridia;o__Oscillospirales;f__[Eubacterium]_coprostanoligenes_group;g__[Eubacterium]_coprostanoligenes_group;s__metagenome	8.0	2.0	167.0	3.0	1.0	0.0	1.0	4.0
d__Bacteria;p__Firmicutes;c__Clostridia;o__Lachnospirales;f__Lachnospiraceae;g__Roseburia;s__uncultured_Lachnospiraceae	9.0	3.0	8.0	2.0	0.0	6.0	27.0	132.0
d__Bacteria;p__Firmicutes;c__Bacilli;o__Erysipelotrichales;f__Erysipelatoclostridiaceae;g__Erysipelatoclostridium;s__[Clostridium]_spiroforme	1.0	0.0	3.0	3.0	0.0	1.0	31.0	67.0
d__Bacteria;p__Firmicutes;c__Clostridia;o__Lachnospirales;f__Lachnospiraceae;g__Lachnoclostridium;s__[Clostridium_asparagiforme]	0.0	2.0	7.0	0.0	7.0	3.0	7.0	3.0
d__Bacteria;p__Actinobacteriota;c__Coriobacteriia;o__Coriobacteriales;f__Eggerthellaceae;g__Eggerthella;__	3.0	3.0	3.0	0.0	48.0	0.0	8.0	1.0
d__Bacteria;p__Firmicutes;c__Bacilli;o__Erysipelotrichales;f__Erysipelatoclostridiaceae;g__Erysipelatoclostridium;__	0.0	0.0	0.0	2.0	104.0	0.0	8.0	25.0
d__Bacteria;p__Firmicutes;c__Clostridia;o__Lachnospirales;f__Lachnospiraceae;g__Lachnoclostridium;s__butyrate-producing_bacterium	0.0	0.0	1.0	0.0	166.0	1.0	0.0	0.0
d__Bacteria;p__Bacteroidota;c__Bacteroidia;o__Bacteroidales;f__Rikenellaceae;g__Alistipes;s__Alistipes_sp.	3.0	4.0	2.0	0.0	1.0	220.0	5.0	3.0
d__Bacteria;p__Firmicutes;c__Clostridia;o__Oscillospirales;f__Oscillospiraceae;g__Intestinimonas;s__Intestinimonas_butyriciproducens	1.0	3.0	3.0	2.0	0.0	29.0	25.0	4.0
d__Bacteria;p__Firmicutes;c__Clostridia;o__Lachnospirales;f__Lachnospiraceae;g__Lachnoclostridium;s__[Clostridium]_aldenense	1.0	2.0	0.0	0.0	51.0	3.0	12.0	0.0
d__Bacteria;p__Firmicutes;c__Clostridia;o__Peptostreptococcales-Tissierellales;f__Peptostreptococcaceae;g__Terrisporobacter;__	4.0	1.0	1.0	0.0	1.0	5.0	1.0	133.0
d__Bacteria;p__Firmicutes;c__Clostridia;o__Oscillospirales;f__Ruminococcaceae;g__Faecalibacterium;s__uncultured_Clostridiaceae	15.0	60.0	70.0	27.0	11.0	77.0	73.0	462.0
d__Bacteria;p__Firmicutes;c__Clostridia;o__Lachnospirales;f__Lachnospiraceae;g__[Eubacterium]_ventriosum_group;__	0.0	1.0	19.0	3.0	0.0	11.0	25.0	232.0
d__Bacteria;p__Firmicutes;c__Clostridia;o__Oscillospirales;f__Oscillospiraceae;g__UCG-002;s__uncultured_Firmicutes	6.0	13.0	9.0	0.0	3.0	1.0	10.0	68.0
d__Bacteria;p__Firmicutes;c__Clostridia;o__Oscillospirales;f__Oscillospiraceae;g__UCG-005;s__human_gut	54.0	72.0	1.0	0.0	1.0	0.0	1.0	3.0
d__Bacteria;p__Firmicutes;c__Clostridia;o__Oscillospirales;f__Oscillospiraceae;g__UCG-003;s__metagenome	0.0	38.0	3.0	5.0	1.0	6.0	17.0	56.0
d__Bacteria;p__Firmicutes;c__Clostridia;o__Oscillospirales;f__UCG-010;g__UCG-010;s__metagenome	1.0	151.0	1.0	9.0	2.0	0.0	0.0	2.0
d__Bacteria;p__Firmicutes;c__Clostridia;o__Lachnospirales;f__Lachnospiraceae;g__uncultured;s__uncultured_Eubacterium	1.0	1.0	3.0	1.0	0.0	5.0	15.0	49.0
d__Bacteria;p__Firmicutes;c__Clostridia;o__Peptostreptococcales-Tissierellales;f__Anaerovoracaceae;g__Family_XIII_UCG-001;s__uncultured_bacterium	5.0	28.0	31.0	2.0	0.0	21.0	20.0	3.0
d__Bacteria;p__Bacteroidota;c__Bacteroidia;o__Bacteroidales;f__Bacteroidaceae;g__Bacteroides;s__human_gut	0.0	0.0	5.0	0.0	7.0	11.0	21.0	0.0
d__Bacteria;p__Firmicutes;c__Clostridia;o__Lachnospirales;f__Lachnospiraceae;g__Roseburia;s__gut_metagenome	11.0	2.0	64.0	0.0	0.0	22.0	13.0	6.0
d__Bacteria;p__Bacteroidota;c__Bacteroidia;o__Bacteroidales;f__Prevotellaceae;g__Alloprevotella;s__Prevotellaceae_bacterium	12.0	14.0	49.0	7.0	27.0	3.0	36.0	16.0
d__Bacteria;p__Firmicutes;c__Clostridia;__;__;__;__	20.0	73.0	75.0	11.0	3.0	121.0	24.0	212.0
d__Bacteria;p__Firmicutes;c__Clostridia;o__Monoglobales;f__Monoglobaceae;g__Monoglobus;s__uncultured_Firmicutes	0.0	129.0	0.0	3.0	0.0	2.0	1.0	0.0
d__Bacteria;p__Firmicutes;c__Bacilli;o__RF39;f__RF39;g__RF39;s__gut_metagenome	2.0	64.0	1.0	0.0	0.0	137.0	1.0	7.0
d__Bacteria;p__Firmicutes;c__Clostridia;o__Lachnospirales;f__Lachnospiraceae;g__Eisenbergiella;__	1.0	2.0	0.0	0.0	1.0	9.0	64.0	1.0
d__Bacteria;p__Firmicutes;c__Clostridia;o__Oscillospirales;f__Oscillospiraceae;g__Colidextribacter;s__uncultured_Flavonifractor	0.0	0.0	3.0	0.0	14.0	4.0	68.0	5.0
d__Bacteria;p__Bacteroidota;c__Bacteroidia;o__Bacteroidales;f__Marinifilaceae;__;__	0.0	5.0	0.0	6.0	0.0	0.0	165.0	1.0
d__Bacteria;p__Firmicutes;c__Clostridia;o__Lachnospirales;f__Lachnospiraceae;g__[Ruminococcus]_gauvreauii_group;__	20.0	15.0	43.0	0.0	0.0	2.0	11.0	595.0
d__Bacteria;p__Firmicutes;c__Clostridia;o__Lachnospirales;f__Lachnospiraceae;g__Lachnospiraceae_FCS020_group;s__uncultured_organism	32.0	24.0	43.0	3.0	0.0	25.0	4.0	74.0
d__Bacteria;p__Firmicutes;c__Bacilli;o__RF39;f__RF39;g__RF39;__	0.0	54.0	3.0	15.0	1.0	68.0	1.0	11.0
d__Bacteria;p__Firmicutes;c__Clostridia;o__Oscillospirales;f__Oscillospiraceae;g__Intestinimonas;s__Intestinimonas_sp.	0.0	13.0	21.0	0.0	8.0	0.0	14.0	0.0
d__Bacteria;p__Firmicutes;c__Negativicutes;o__Veillonellales-Selenomonadales;f__Veillonellaceae;g__Dialister;s__Dialister_invisus	2.0	446.0	40.0	0.0	1.0	0.0	11.0	9.0
d__Bacteria;p__Firmicutes;c__Clostridia;o__Oscillospirales;f__Ruminococcaceae;g__uncultured;__	28.0	22.0	3.0	3.0	25.0	8.0	3.0	7.0
d__Bacteria;p__Firmicutes;c__Clostridia;o__Oscillospirales;f__Oscillospiraceae;g__UCG-005;s__gut_metagenome	38.0	6.0	87.0	8.0	0.0	39.0	38.0	23.0
d__Bacteria;p__Firmicutes;c__Clostridia;o__Oscillospirales;f__UCG-010;g__UCG-010;__	3.0	83.0	30.0	8.0	0.0	3.0	8.0	6.0
d__Bacteria;p__Firmicutes;c__Clostridia;o__Oscillospirales;f__Oscillospiraceae;g__Colidextribacter;s__uncultured_organism	1.0	1.0	14.0	0.0	17.0	0.0	10.0	13.0
d__Bacteria;p__Firmicutes;c__Clostridia;o__Oscillospirales;f__Ruminococcaceae;g__DTU089;__	0.0	4.0	7.0	0.0	68.0	8.0	6.0	0.0
d__Bacteria;p__Bacteroidota;c__Bacteroidia;o__Bacteroidales;__;__;__	0.0	28.0	7.0	0.0	18.0	34.0	20.0	14.0
d__Bacteria;p__Firmicutes;c__Clostridia;o__Lachnospirales;f__Lachnospiraceae;g__Sellimonas;s__uncultured_bacterium	0.0	0.0	0.0	0.0	76.0	3.0	8.0	1.0
d__Bacteria;p__Fusobacteriota;c__Fusobacteriia;o__Fusobacteriales;f__Fusobacteriaceae;g__Fusobacterium;__	0.0	0.0	0.0	0.0	46.0	0.0	1.0	5.0
d__Bacteria;p__Firmicutes;c__Clostridia;o__Lachnospirales;f__Lachnospiraceae;g__GCA-900066755;s__uncultured_organism	0.0	0.0	1.0	4.0	0.0	8.0	17.0	67.0
d__Bacteria;p__Firmicutes;c__Clostridia;o__Oscillospirales;f__Ruminococcaceae;g__Ruminococcus;s__metagenome	130.0	0.0	0.0	0.0	0.0	191.0	12.0	124.0
d__Bacteria;p__Firmicutes;c__Bacilli;o__RF39;f__RF39;g__RF39;s__metagenome	2.0	3.0	0.0	0.0	1.0	86.0	0.0	1.0
d__Bacteria;p__Firmicutes;c__Clostridia;o__Lachnospirales;f__Lachnospiraceae;g__Lachnospiraceae_NK4A136_group;s__metagenome	5.0	5.0	8.0	2.0	1.0	0.0	1.0	36.0
d__Bacteria;p__Firmicutes;c__Clostridia;o__Oscillospirales;f__Oscillospiraceae;g__Pseudoflavonifractor;s__uncultured_bacterium	0.0	0.0	0.0	0.0	2.0	1.0	11.0	5.0
d__Bacteria;p__Proteobacteria;c__Gammaproteobacteria;o__Enterobacterales;__;__;__	0.0	2.0	0.0	0.0	3.0	0.0	0.0	15.0
d__Bacteria;p__Firmicutes;c__Clostridia;o__Clostridia_vadinBB60_group;f__Clostridia_vadinBB60_group;g__Clostridia_vadinBB60_group;s__uncultured_bacterium	1.0	10.0	7.0	4.0	0.0	10.0	4.0	56.0
d__Bacteria;p__Firmicutes;c__Negativicutes;o__Veillonellales-Selenomonadales;f__Veillonellaceae;g__Dialister;s__Bacteroides_xylanisolvens	6.0	13.0	3.0	7.0	0.0	0.0	0.0	129.0
d__Bacteria;p__Bacteroidota;c__Bacteroidia;o__Bacteroidales;f__Prevotellaceae;g__Paraprevotella;__	33.0	48.0	14.0	1.0	14.0	15.0	8.0	27.0
d__Bacteria;p__Firmicutes;c__Clostridia;o__Oscillospirales;f__Oscillospiraceae;g__Oscillibacter;s__human_gut	8.0	8.0	12.0	0.0	0.0	19.0	16.0	0.0
d__Bacteria;p__Firmicutes;c__Clostridia;o__Peptostreptococcales-Tissierellales;f__Anaerovoracaceae;g__Family_XIII_AD3011_group;s__uncultured_organism	10.0	27.0	19.0	2.0	0.0	0.0	0.0	8.0
d__Bacteria;p__Firmicutes;c__Clostridia;o__Oscillospirales;f__Oscillospiraceae;g__Intestinimonas;__	0.0	18.0	20.0	4.0	1.0	10.0	8.0	9.0
d__Bacteria;p__Firmicutes;c__Clostridia;o__Oscillospirales;f__Oscillospiraceae;g__NK4A214_group;__	5.0	74.0	11.0	4.0	1.0	2.0	1.0	6.0
d__Bacteria;p__Firmicutes;c__Clostridia;o__Lachnospirales;f__Lachnospiraceae;g__Blautia;s__uncultured_Blautia	2.0	54.0	22.0	0.0	1.0	0.0	3.0	26.0
d__Bacteria;p__Firmicutes;c__Clostridia;o__Oscillospirales;f__Ruminococcaceae;g__[Eubacterium]_siraeum_group;__	0.0	75.0	1.0	1.0	0.0	0.0	1.0	1.0
d__Bacteria;p__Firmicutes;c__Clostridia;o__Oscillospirales;f__Oscillospiraceae;g__Oscillibacter;s__Oscillibacter_sp.	0.0	20.0	0.0	0.0	2.0	0.0	1.0	0.0
d__Bacteria;p__Firmicutes;c__Bacilli;o__RF39;f__RF39;g__RF39;s__unidentified	0.0	74.0	0.0	1.0	1.0	0.0	0.0	0.0
d__Bacteria;p__Firmicutes;c__Clostridia;o__Oscillospirales;f__Ruminococcaceae;g__Incertae_Sedis;s__[Clostridium]_leptum	0.0	18.0	5.0	0.0	26.0	30.0	6.0	0.0
d__Bacteria;p__Firmicutes;c__Clostridia;o__Clostridiales;f__Clostridiaceae;g__Clostridium_sensu_stricto_1;__	10.0	0.0	20.0	27.0	1.0	5.0	0.0	29.0
d__Bacteria;p__Firmicutes;c__Clostridia;o__Lachnospirales;f__Lachnospiraceae;g__[Eubacterium]_fissicatena_group;__	0.0	0.0	0.0	0.0	3.0	84.0	6.0	1.0
d__Bacteria;p__Firmicutes;c__Clostridia;o__Lachnospirales;f__Lachnospiraceae;g__Lachnospiraceae_FCS020_group;s__uncultured_Clostridium	2.0	13.0	1.0	2.0	0.0	46.0	2.0	6.0
d__Bacteria;p__Firmicutes;c__Clostridia;o__Oscillospirales;f__Ruminococcaceae;g__uncultured;s__human_gut	0.0	9.0	18.0	7.0	9.0	8.0	3.0	8.0
d__Bacteria;p__Firmicutes;c__Clostridia;o__Oscillospirales;f__Oscillospiraceae;g__UCG-005;s__metagenome	1.0	4.0	3.0	7.0	1.0	36.0	7.0	14.0
d__Bacteria;p__Firmicutes;c__Clostridia;o__Lachnospirales;f__Lachnospiraceae;g__[Eubacterium]_eligens_group;s__human_gut	5.0	46.0	69.0	2.0	3.0	55.0	17.0	85.0
d__Bacteria;p__Firmicutes;c__Clostridia;o__Oscillospirales;f__Oscillospiraceae;g__uncultured;s__Intestinimonas_sp.	0.0	0.0	1.0	0.0	1.0	24.0	12.0	0.0
d__Bacteria;p__Firmicutes;c__Clostridia;o__Oscillospirales;f__Oscillospiraceae;g__Colidextribacter;__	0.0	1.0	9.0	1.0	12.0	9.0	8.0	23.0
d__Bacteria;__;__;__;__;__;__	18.0	32.0	68.0	2.0	12.0	50.0	56.0	174.0
d__Bacteria;p__Firmicutes;c__Clostridia;o__Oscillospirales;f__Ruminococcaceae;g__uncultured;s__uncultured_Clostridium	0.0	18.0	6.0	0.0	6.0	16.0	27.0	0.0
d__Bacteria;p__Bacteroidota;c__Bacteroidia;o__Bacteroidales;f__Rikenellaceae;g__Alistipes;s__Alistipes_onderdonkii	2.0	0.0	16.0	0.0	0.0	3.0	62.0	3.0
d__Bacteria;p__Firmicutes;c__Clostridia;o__Oscillospirales;f__Butyricicoccaceae;g__Butyricicoccus;s__bacterium_NLAE-zl-H60	0.0	3.0	3.0	0.0	0.0	0.0	4.0	0.0
d__Bacteria;p__Firmicutes;c__Clostridia;o__Christensenellales;f__Christensenellaceae;g__Christensenellaceae_R-7_group;s__uncultured_marine	0.0	5.0	13.0	3.0	6.0	0.0	13.0	1.0
d__Bacteria;p__Firmicutes;c__Clostridia;o__Oscillospirales;f__Oscillospiraceae;g__Pseudoflavonifractor;__	0.0	0.0	0.0	0.0	0.0	1.0	29.0	3.0
d__Bacteria;p__Firmicutes;c__Clostridia;o__Peptostreptococcales-Tissierellales;f__Anaerovoracaceae;g__Family_XIII_AD3011_group;s__uncultured_Eubacterium	5.0	8.0	8.0	0.0	0.0	13.0	19.0	2.0
d__Bacteria;p__Firmicutes;c__Clostridia;o__Lachnospirales;f__Lachnospiraceae;g__Marvinbryantia;__	2.0	0.0	1.0	0.0	0.0	0.0	0.0	9.0
d__Bacteria;p__Actinobacteriota;c__Coriobacteriia;o__Coriobacteriales;f__Eggerthellaceae;g__Senegalimassilia;__	0.0	1.0	0.0	0.0	0.0	2.0	2.0	33.0
d__Bacteria;p__Firmicutes;c__Clostridia;o__Lachnospirales;f__Lachnospiraceae;g__Lachnospiraceae_NK4A136_group;s__uncultured_Clostridium	2.0	14.0	2.0	4.0	1.0	4.0	4.0	24.0
d__Bacteria;p__Firmicutes;c__Clostridia;o__Lachnospirales;f__Lachnospiraceae;g__Anaerostipes;s__uncultured_bacterium	2.0	38.0	1.0	0.0	5.0	4.0	2.0	112.0
d__Bacteria;p__Firmicutes;c__Clostridia;o__Lachnospirales;f__Lachnospiraceae;g__uncultured;s__bacterium_enrichment	1.0	1.0	0.0	10.0	0.0	0.0	3.0	17.0
d__Bacteria;p__Firmicutes;c__Clostridia;o__Oscillospirales;f__Ruminococcaceae;g__Ruminococcus;s__uncultured_bacterium	0.0	9.0	21.0	2.0	13.0	73.0	20.0	85.0
d__Bacteria;p__Firmicutes;c__Clostridia;o__Lachnospirales;f__Lachnospiraceae;g__uncultured;s__metagenome	11.0	4.0	17.0	5.0	0.0	1.0	16.0	94.0
d__Bacteria;p__Firmicutes;c__Clostridia;o__Lachnospirales;f__Lachnospiraceae;g__[Ruminococcus]_torques_group;s__uncultured_Firmicutes	9.0	12.0	5.0	4.0	0.0	3.0	0.0	15.0
d__Bacteria;p__Firmicutes;c__Clostridia;o__Lachnospirales;f__Lachnospiraceae;g__[Eubacterium]_ventriosum_group;s__uncultured_rumen	0.0	0.0	1.0	0.0	0.0	0.0	3.0	52.0
d__Bacteria;p__Firmicutes;__;__;__;__;__	0.0	1.0	2.0	1.0	3.0	2.0	0.0	17.0
d__Bacteria;p__Firmicutes;c__Clostridia;o__Peptostreptococcales-Tissierellales;f__Anaerovoracaceae;g__[Eubacterium]_brachy_group;s__uncultured_bacterium	0.0	0.0	1.0	0.0	0.0	0.0	2.0	4.0
d__Bacteria;p__Firmicutes;c__Clostridia;o__Oscillospirales;f__Oscillospiraceae;g__UCG-005;s__uncultured_prokaryote	1.0	0.0	0.0	2.0	0.0	0.0	0.0	31.0
d__Bacteria;p__Firmicutes;c__Clostridia;o__Lachnospirales;f__Lachnospiraceae;g__Moryella;s__human_gut	17.0	6.0	34.0	4.0	0.0	8.0	0.0	0.0
d__Bacteria;p__Bacteroidota;c__Bacteroidia;o__Bacteroidales;f__Prevotellaceae;g__Prevotella;s__Prevotellaceae_bacterium	14.0	5.0	8.0	2.0	2.0	5.0	7.0	6.0
d__Bacteria;p__Firmicutes;c__Clostridia;o__Clostridiales;f__Clostridiaceae;g__Sarcina;__	17.0	2.0	0.0	0.0	0.0	0.0	0.0	2.0
d__Bacteria;p__Firmicutes;c__Clostridia;o__Oscillospirales;__;__;__	3.0	33.0	13.0	1.0	3.0	56.0	1.0	26.0
d__Bacteria;p__Bacteroidota;c__Bacteroidia;o__Bacteroidales;f__Rikenellaceae;g__Alistipes;s__Alistipes_indistinctus	0.0	22.0	16.0	0.0	0.0	4.0	2.0	2.0
d__Bacteria;p__Firmicutes;c__Clostridia;o__Oscillospirales;f__Oscillospiraceae;g__UCG-002;s__uncultured_organism	1.0	39.0	13.0	4.0	0.0	14.0	0.0	11.0
d__Bacteria;p__Bacteroidota;c__Bacteroidia;o__Bacteroidales;f__Porphyromonadaceae;g__Porphyromonas;s__Porphyromonas_asaccharolytica	0.0	20.0	2.0	0.0	0.0	1.0	0.0	22.0
d__Bacteria;p__Firmicutes;c__Clostridia;o__Oscillospirales;f__[Eubacterium]_coprostanoligenes_group;g__[Eubacterium]_coprostanoligenes_group;s__uncultured_organism	0.0	21.0	1.0	0.0	0.0	1.0	0.0	30.0
d__Bacteria;p__Bacteroidota;c__Bacteroidia;o__Bacteroidales;f__Barnesiellaceae;g__Barnesiella;s__gut_metagenome	6.0	7.0	1.0	0.0	2.0	39.0	16.0	7.0
d__Bacteria;p__Firmicutes;c__Clostridia;o__Oscillospirales;f__Oscillospiraceae;g__UCG-005;s__uncultured_Clostridiales	0.0	11.0	0.0	0.0	0.0	5.0	1.0	1.0
d__Bacteria;p__Firmicutes;c__Clostridia;o__Oscillospirales;f__Butyricicoccaceae;g__UCG-009;s__uncultured_organism	11.0	10.0	0.0	8.0	0.0	5.0	1.0	3.0
d__Bacteria;p__Firmicutes;c__Bacilli;o__Erysipelotrichales;f__Erysipelotrichaceae;g__Holdemania;s__Holdemania_massiliensis	0.0	12.0	10.0	2.0	0.0	5.0	0.0	0.0
d__Bacteria;p__Firmicutes;c__Clostridia;o__Lachnospirales;f__Lachnospiraceae;g__[Eubacterium]_xylanophilum_group;__	0.0	17.0	54.0	1.0	0.0	14.0	2.0	53.0
d__Bacteria;p__Firmicutes;c__Clostridia;o__Lachnospirales;f__Lachnospiraceae;g__Lachnospiraceae_UCG-001;__	15.0	1.0	37.0	2.0	0.0	9.0	2.0	145.0
d__Bacteria;p__Firmicutes;c__Negativicutes;o__Veillonellales-Selenomonadales;f__Veillonellaceae;g__Dialister;s__Dialister_sp.	6.0	3.0	44.0	1.0	0.0	0.0	0.0	0.0
d__Bacteria;p__Firmicutes;c__Clostridia;o__Oscillospirales;f__Ruminococcaceae;g__Negativibacillus;s__uncultured_organism	0.0	0.0	1.0	0.0	13.0	9.0	0.0	2.0
d__Bacteria;p__Firmicutes;c__Clostridia;o__Lachnospirales;f__Lachnospiraceae;g__Tyzzerella;s__Tyzzerella_sp.	3.0	1.0	3.0	0.0	61.0	1.0	2.0	0.0
d__Bacteria;p__Firmicutes;c__Clostridia;o__Oscillospirales;f__Oscillospiraceae;g__uncultured;s__Clostridium_sp.	0.0	1.0	0.0	1.0	4.0	0.0	6.0	0.0
d__Bacteria;p__Firmicutes;c__Bacilli;o__Lactobacillales;f__Streptococcaceae;g__Lactococcus;__	0.0	2.0	0.0	1.0	10.0	6.0	0.0	4.0
d__Bacteria;p__Firmicutes;c__Clostridia;o__Oscillospirales;f__Ruminococcaceae;g__uncultured;s__uncultured_Ruminococcus	0.0	1.0	1.0	0.0	14.0	0.0	6.0	0.0
d__Bacteria;p__Firmicutes;c__Clostridia;o__Lachnospirales;f__Lachnospiraceae;g__Lachnoclostridium;s__[Clostridium]_glycyrrhizinilyticum	0.0	0.0	0.0	0.0	20.0	0.0	6.0	2.0
d__Bacteria;p__Firmicutes;c__Clostridia;o__Christensenellales;f__Christensenellaceae;g__Christensenellaceae_R-7_group;s__metagenome	4.0	2.0	0.0	0.0	0.0	5.0	0.0	0.0
d__Bacteria;p__Firmicutes;c__Bacilli;o__RF39;f__RF39;g__RF39;s__uncultured_Firmicutes	14.0	2.0	0.0	3.0	1.0	19.0	0.0	0.0
d__Bacteria;p__Firmicutes;c__Clostridia;o__Oscillospirales;f__Oscillospiraceae;__;__	9.0	50.0	45.0	12.0	39.0	41.0	11.0	54.0
d__Bacteria;p__Firmicutes;c__Clostridia;o__Clostridia_UCG-014;f__Clostridia_UCG-014;g__Clostridia_UCG-014;s__uncultured_bacterium	1.0	2.0	3.0	6.0	2.0	68.0	4.0	21.0
d__Bacteria;p__Firmicutes;c__Clostridia;o__Lachnospirales;f__Lachnospiraceae;g__Lachnospiraceae_UCG-003;s__gut_metagenome	2.0	2.0	12.0	1.0	3.0	138.0	3.0	26.0
d__Bacteria;p__Firmicutes;c__Clostridia;o__Oscillospirales;f__Ruminococcaceae;g__Anaerotruncus;__	0.0	1.0	2.0	0.0	5.0	18.0	8.0	0.0
d__Bacteria;p__Bacteroidota;c__Bacteroidia;o__Bacteroidales;f__Prevotellaceae;g__Prevotella;s__Prevotella_stercorea	0.0	5.0	2.0	4.0	0.0	0.0	18.0	24.0
d__Bacteria;p__Firmicutes;c__Clostridia;o__Oscillospirales;f__Ruminococcaceae;g__UBA1819;s__Ruthenibacterium_lactatiformans	1.0	22.0	5.0	0.0	30.0	3.0	21.0	0.0
d__Bacteria;p__Firmicutes;c__Clostridia;o__Lachnospirales;f__Lachnospiraceae;g__uncultured;__	3.0	5.0	6.0	1.0	1.0	2.0	7.0	12.0
d__Bacteria;p__Firmicutes;c__Bacilli;o__Erysipelotrichales;f__Erysipelotrichaceae;g__Holdemania;__	0.0	0.0	14.0	0.0	0.0	2.0	20.0	1.0
d__Bacteria;p__Firmicutes;c__Bacilli;o__Erysipelotrichales;f__Erysipelatoclostridiaceae;g__Erysipelatoclostridium;s__Massiliomicrobiota_timonensis	0.0	0.0	1.0	0.0	0.0	1.0	3.0	0.0
d__Bacteria;p__Bacteroidota;c__Bacteroidia;o__Bacteroidales;f__Bacteroidaceae;g__Bacteroides;s__Bacteroides_clarus	4.0	2.0	0.0	5.0	0.0	0.0	3.0	0.0
d__Bacteria;p__Firmicutes;c__Clostridia;o__Oscillospirales;f__Oscillospiraceae;g__uncultured;__	0.0	3.0	2.0	4.0	2.0	4.0	9.0	3.0
d__Bacteria;p__Firmicutes;c__Clostridia;o__Lachnospirales;f__Lachnospiraceae;g__CAG-56;s__uncultured_Ruminococcus	5.0	0.0	15.0	4.0	0.0	0.0	2.0	69.0
d__Bacteria;p__Firmicutes;c__Clostridia;o__Lachnospirales;f__Lachnospiraceae;g__Lachnospiraceae_ND3007_group;s__uncultured_Clostridiales	4.0	2.0	49.0	0.0	0.0	1.0	0.0	127.0
d__Bacteria;p__Firmicutes;c__Clostridia;o__Lachnospirales;f__Lachnospiraceae;g__[Eubacterium]_oxidoreducens_group;s__uncultured_bacterium	3.0	5.0	6.0	1.0	0.0	21.0	0.0	39.0
d__Bacteria;p__Firmicutes;c__Clostridia;o__Lachnospirales;f__Lachnospiraceae;g__Lachnospiraceae_UCG-010;s__uncultured_bacterium	10.0	1.0	28.0	7.0	0.0	3.0	1.0	21.0
d__Bacteria;p__Firmicutes;c__Clostridia;o__Lachnospirales;f__Lachnospiraceae;g__Lachnospiraceae_UCG-004;s__uncultured_Bacteroidetes	0.0	4.0	39.0	0.0	0.0	5.0	10.0	55.0
d__Bacteria;p__Firmicutes;c__Clostridia;o__Oscillospirales;f__Oscillospiraceae;g__UCG-005;s__wallaby_gut	2.0	2.0	0.0	2.0	0.0	0.0	1.0	79.0
d__Bacteria;p__Firmicutes;c__Clostridia;o__Christensenellales;f__Christensenellaceae;g__Christensenellaceae_R-7_group;s__human_gut	6.0	6.0	3.0	0.0	0.0	1.0	0.0	7.0
d__Bacteria;p__Firmicutes;c__Negativicutes;o__Acidaminococcales;f__Acidaminococcaceae;g__Phascolarctobacterium;s__Phascolarctobacterium_succinatutens	0.0	1.0	0.0	0.0	0.0	0.0	1.0	4.0
d__Bacteria;p__Bacteroidota;c__Bacteroidia;o__Bacteroidales;f__Barnesiellaceae;g__Barnesiella;s__Barnesiella_intestinihominis	1.0	0.0	0.0	0.0	0.0	0.0	1.0	9.0
d__Bacteria;p__Firmicutes;c__Clostridia;o__Oscillospirales;f__Ruminococcaceae;g__Subdoligranulum;s__uncultured_rumen	2.0	1.0	44.0	32.0	1.0	18.0	0.0	97.0
d__Bacteria;p__Firmicutes;c__Clostridia;o__Lachnospirales;f__Lachnospiraceae;g__Lachnoclostridium;s__metagenome	0.0	2.0	6.0	2.0	1.0	6.0	6.0	30.0
d__Bacteria;p__Desulfobacterota;c__Desulfovibrionia;o__Desulfovibrionales;f__Desulfovibrionaceae;g__Desulfovibrio;__	1.0	4.0	7.0	0.0	2.0	2.0	12.0	21.0
d__Bacteria;p__Firmicutes;c__Clostridia;o__Lachnospirales;f__Lachnospiraceae;g__Lachnospiraceae_NK4A136_group;s__human_gut	4.0	14.0	18.0	5.0	1.0	2.0	8.0	17.0
d__Bacteria;p__Firmicutes;c__Clostridia;o__Lachnospirales;f__Lachnospiraceae;g__Blautia;s__Blautia_luti	4.0	6.0	4.0	0.0	0.0	2.0	0.0	39.0
d__Bacteria;p__Firmicutes;c__Clostridia;o__Oscillospirales;f__Oscillospiraceae;g__UCG-002;s__uncultured_rumen	2.0	43.0	0.0	1.0	0.0	1.0	3.0	8.0
d__Bacteria;p__Firmicutes;c__Clostridia;o__Lachnospirales;f__Lachnospiraceae;g__[Eubacterium]_oxidoreducens_group;s__uncultured_organism	3.0	21.0	47.0	0.0	0.0	5.0	6.0	19.0
d__Bacteria;p__Firmicutes;c__Clostridia;o__Lachnospirales;f__Lachnospiraceae;g__Coprococcus;s__uncultured_Lachnospiraceae	0.0	1.0	1.0	0.0	0.0	1.0	0.0	15.0
d__Bacteria;p__Firmicutes;c__Clostridia;o__Monoglobales;f__Monoglobaceae;g__Monoglobus;s__uncultured_bacterium	2.0	1.0	0.0	1.0	0.0	0.0	0.0	0.0
d__Bacteria;p__Firmicutes;c__Bacilli;o__RF39;f__RF39;g__RF39;s__uncultured_bacterium	3.0	2.0	0.0	0.0	0.0	2.0	1.0	2.0
d__Bacteria;p__Firmicutes;c__Bacilli;o__Lactobacillales;f__Carnobacteriaceae;g__Granulicatella;__	6.0	0.0	0.0	0.0	1.0	3.0	1.0	3.0
d__Bacteria;p__Firmicutes;c__Clostridia;o__Oscillospirales;f__Oscillospiraceae;g__UCG-003;s__gut_metagenome	3.0	9.0	7.0	1.0	0.0	3.0	3.0	10.0
d__Bacteria;p__Firmicutes;c__Clostridia;o__Christensenellales;f__Christensenellaceae;g__uncultured;__	3.0	8.0	5.0	1.0	0.0	0.0	0.0	0.0
d__Bacteria;p__Firmicutes;c__Clostridia;o__Oscillospirales;f__Butyricicoccaceae;g__Butyricicoccus;s__Agathobaculum_butyriciproducens	2.0	3.0	1.0	4.0	0.0	0.0	0.0	24.0
d__Bacteria;p__Actinobacteriota;c__Actinobacteria;o__Bifidobacteriales;f__Bifidobacteriaceae;g__Bifidobacterium;s__Bifidobacterium_bifidum	20.0	0.0	17.0	0.0	0.0	0.0	0.0	1.0
d__Bacteria;p__Firmicutes;c__Negativicutes;o__Veillonellales-Selenomonadales;f__Veillonellaceae;g__Dialister;s__gut_metagenome	28.0	0.0	39.0	28.0	1.0	1.0	0.0	1.0
d__Bacteria;p__Bacteroidota;c__Bacteroidia;o__Bacteroidales;f__Bacteroidaceae;g__Bacteroides;s__bacterium_NLAE-zl-H46	0.0	84.0	3.0	0.0	0.0	0.0	2.0	0.0
d__Bacteria;p__Firmicutes;c__Negativicutes;o__Veillonellales-Selenomonadales;f__Veillonellaceae;__;__	2.0	6.0	3.0	4.0	0.0	0.0	0.0	3.0
d__Bacteria;p__Firmicutes;c__Clostridia;o__Clostridiales;f__Clostridiaceae;g__Clostridium_sensu_stricto_1;s__Clostridium_septicum	2.0	3.0	0.0	3.0	0.0	0.0	0.0	0.0
d__Bacteria;p__Firmicutes;c__Clostridia;o__Clostridia_UCG-014;f__Clostridia_UCG-014;g__Clostridia_UCG-014;s__uncultured_Acetivibrio	3.0	11.0	2.0	0.0	0.0	7.0	5.0	6.0
d__Bacteria;p__Verrucomicrobiota;c__Verrucomicrobiae;o__Opitutales;f__Puniceicoccaceae;g__uncultured;s__uncultured_bacterium	0.0	15.0	14.0	0.0	0.0	1.0	0.0	2.0
d__Bacteria;p__Firmicutes;c__Clostridia;o__Christensenellales;f__Christensenellaceae;g__Christensenellaceae_R-7_group;s__uncultured_Christensenella	8.0	18.0	17.0	0.0	0.0	26.0	0.0	0.0
d__Bacteria;p__Firmicutes;c__Clostridia;o__Oscillospirales;f__Ruminococcaceae;g__Fournierella;__	0.0	5.0	0.0	0.0	1.0	0.0	0.0	3.0
d__Bacteria;p__Firmicutes;c__Clostridia;o__Clostridia_vadinBB60_group;f__Clostridia_vadinBB60_group;g__Clostridia_vadinBB60_group;__	0.0	3.0	3.0	0.0	0.0	0.0	0.0	3.0
d__Bacteria;p__Firmicutes;c__Clostridia;o__Oscillospirales;f__Ruminococcaceae;g__uncultured;s__uncultured_bacterium	0.0	2.0	2.0	0.0	1.0	3.0	2.0	1.0
d__Bacteria;p__Firmicutes;c__Clostridia;o__Christensenellales;f__Christensenellaceae;g__Christensenellaceae_R-7_group;s__uncultured_bacterium	0.0	3.0	0.0	0.0	1.0	12.0	0.0	0.0
d__Bacteria;p__Firmicutes;c__Clostridia;o__Lachnospirales;f__Lachnospiraceae;g__Lachnospiraceae_UCG-006;s__uncultured_organism	0.0	2.0	0.0	0.0	0.0	0.0	2.0	3.0
d__Bacteria;p__Firmicutes;c__Clostridia;o__Oscillospirales;f__UCG-010;g__UCG-010;s__uncultured_bacterium	0.0	9.0	5.0	3.0	0.0	1.0	2.0	5.0
d__Bacteria;p__Bacteroidota;c__Bacteroidia;o__Bacteroidales;f__Prevotellaceae;g__Alloprevotella;__	0.0	11.0	2.0	0.0	0.0	1.0	0.0	4.0
d__Bacteria;p__Firmicutes;c__Clostridia;o__Lachnospirales;f__Lachnospiraceae;g__[Eubacterium]_hallii_group;s__unidentified	0.0	0.0	7.0	1.0	0.0	2.0	0.0	7.0
d__Bacteria;p__Firmicutes;c__Clostridia;o__Lachnospirales;f__Lachnospiraceae;g__Marvinbryantia;s__metagenome	5.0	0.0	11.0	0.0	0.0	2.0	0.0	5.0
d__Bacteria;p__Firmicutes;c__Clostridia;o__Oscillospirales;f__Ruminococcaceae;g__Subdoligranulum;s__metagenome	1.0	5.0	22.0	1.0	0.0	0.0	0.0	32.0
d__Bacteria;p__Firmicutes;c__Bacilli;o__RF39;f__RF39;g__RF39;s__uncultured_Mollicutes	1.0	1.0	1.0	0.0	0.0	1.0	0.0	2.0
d__Bacteria;p__Firmicutes;c__Clostridia;o__Oscillospirales;f__Butyricicoccaceae;g__Butyricicoccus;s__Butyricicoccus_sp.	2.0	0.0	3.0	2.0	2.0	1.0	4.0	17.0
d__Bacteria;p__Proteobacteria;c__Gammaproteobacteria;o__Enterobacterales;f__Yersiniaceae;__;__	0.0	1.0	2.0	1.0	2.0	0.0	0.0	1.0
d__Bacteria;p__Firmicutes;c__Clostridia;o__Oscillospirales;f__Ruminococcaceae;g__CAG-352;s__uncultured_Ruminococcus	0.0	0.0	13.0	0.0	3.0	4.0	0.0	0.0
d__Bacteria;p__Firmicutes;c__Negativicutes;o__Veillonellales-Selenomonadales;f__Selenomonadaceae;g__Megamonas;__	1.0	0.0	4.0	1.0	1.0	0.0	0.0	3.0
d__Bacteria;p__Actinobacteriota;c__Coriobacteriia;o__Coriobacteriales;f__Eggerthellaceae;g__Gordonibacter;__	0.0	1.0	9.0	0.0	1.0	0.0	1.0	3.0
d__Bacteria;p__Firmicutes;c__Clostridia;o__Lachnospirales;f__Lachnospiraceae;g__[Eubacterium]_oxidoreducens_group;__	0.0	4.0	14.0	3.0	1.0	3.0	1.0	9.0
d__Bacteria;p__Firmicutes;c__Clostridia;o__Monoglobales;f__Monoglobaceae;g__Monoglobus;s__uncultured_Ruminococcaceae	0.0	0.0	2.0	1.0	0.0	0.0	0.0	2.0
d__Bacteria;p__Firmicutes;c__Bacilli;o__Erysipelotrichales;f__Erysipelotrichaceae;g__Turicibacter;__	3.0	1.0	2.0	0.0	0.0	6.0	0.0	5.0
d__Bacteria;p__Firmicutes;c__Clostridia;o__Christensenellales;f__Christensenellaceae;g__Christensenellaceae_R-7_group;s__gut_metagenome	1.0	3.0	4.0	0.0	0.0	6.0	0.0	0.0
d__Bacteria;p__Firmicutes;c__Bacilli;o__RF39;f__RF39;g__RF39;s__uncultured_organism	0.0	0.0	2.0	2.0	0.0	0.0	0.0	1.0
d__Bacteria;p__Bacteroidota;c__Bacteroidia;o__Bacteroidales;f__Barnesiellaceae;g__Coprobacter;s__Coprobacter_secundus	0.0	9.0	0.0	10.0	0.0	0.0	1.0	0.0
d__Bacteria;p__Bacteroidota;c__Bacteroidia;o__Bacteroidales;f__Prevotellaceae;g__Prevotella;s__uncultured_Wautersiella	8.0	1.0	2.0	5.0	0.0	0.0	6.0	0.0
d__Bacteria;p__Firmicutes;c__Clostridia;o__Lachnospirales;f__Lachnospiraceae;g__Lachnospiraceae_UCG-004;s__uncultured_Clostridium	0.0	3.0	1.0	2.0	0.0	1.0	2.0	0.0
d__Bacteria;p__Firmicutes;c__Clostridia;o__Lachnospirales;f__Defluviitaleaceae;g__Defluviitaleaceae_UCG-011;s__uncultured_bacterium	0.0	1.0	0.0	9.0	0.0	3.0	0.0	0.0
d__Bacteria;p__Firmicutes;c__Clostridia;o__Oscillospirales;f__Ruminococcaceae;g__Negativibacillus;__	0.0	0.0	1.0	0.0	16.0	2.0	0.0	0.0
d__Bacteria;p__Firmicutes;c__Bacilli;o__RF39;f__RF39;g__RF39;s__uncultured_Erysipelotrichaceae	0.0	1.0	2.0	0.0	2.0	0.0	0.0	2.0
d__Bacteria;p__Firmicutes;c__Clostridia;o__Oscillospirales;f__Oscillospiraceae;g__UCG-005;s__uncultured_rumen	0.0	3.0	0.0	0.0	0.0	9.0	0.0	1.0
d__Bacteria;p__Firmicutes;c__Clostridia;o__Oscillospirales;f__Ruminococcaceae;g__Phocea;__	0.0	1.0	2.0	0.0	0.0	1.0	4.0	0.0
d__Bacteria;p__Actinobacteriota;c__Coriobacteriia;o__Coriobacteriales;f__Coriobacteriales_Incertae_Sedis;g__uncultured;s__gut_metagenome	0.0	2.0	3.0	1.0	0.0	2.0	1.0	2.0
d__Bacteria;p__Firmicutes;c__Clostridia;o__Lachnospirales;f__Lachnospiraceae;g__Eisenbergiella;s__Lachnospiraceae_bacterium	0.0	0.0	0.0	0.0	1.0	3.0	3.0	0.0
d__Bacteria;p__Bacteroidota;c__Bacteroidia;o__Bacteroidales;f__Barnesiellaceae;g__Barnesiella;s__uncultured_Firmicutes	1.0	2.0	1.0	0.0	0.0	1.0	3.0	0.0
d__Bacteria;p__Firmicutes;c__Clostridia;o__Lachnospirales;f__Lachnospiraceae;g__GCA-900066755;__	0.0	0.0	1.0	0.0	0.0	2.0	6.0	0.0
d__Bacteria;p__Bacteroidota;c__Bacteroidia;o__Bacteroidales;f__Rikenellaceae;g__Rikenellaceae_RC9_gut_group;s__uncultured_bacterium	1.0	2.0	1.0	0.0	0.0	0.0	8.0	9.0
d__Bacteria;p__Firmicutes;c__Clostridia;o__Oscillospirales;f__Ruminococcaceae;g__Candidatus_Soleaferrea;s__Ruminococcaceae_bacterium	0.0	0.0	0.0	1.0	8.0	0.0	3.0	3.0
d__Bacteria;p__Proteobacteria;c__Gammaproteobacteria;o__Burkholderiales;f__Sutterellaceae;g__Sutterella;s__gut_metagenome	1.0	2.0	0.0	2.0	0.0	0.0	3.0	12.0
d__Bacteria;p__Firmicutes;c__Clostridia;o__Lachnospirales;f__Lachnospiraceae;g__Coprococcus;s__unidentified	1.0	0.0	1.0	0.0	0.0	0.0	4.0	1.0
d__Bacteria;p__Bacteroidota;c__Bacteroidia;o__Bacteroidales;f__Bacteroidaceae;g__Bacteroides;s__gut_metagenome	1.0	0.0	11.0	0.0	1.0	1.0	3.0	3.0
d__Bacteria;p__Bacteroidota;c__Bacteroidia;o__Bacteroidales;f__Rikenellaceae;g__Alistipes;s__Bacteroides_sp.	1.0	0.0	3.0	0.0	0.0	5.0	2.0	0.0
d__Bacteria;p__Bacteroidota;c__Bacteroidia;o__Bacteroidales;f__Tannerellaceae;g__Parabacteroides;s__gut_metagenome	2.0	0.0	0.0	0.0	0.0	0.0	4.0	3.0
d__Bacteria;p__Firmicutes;c__Clostridia;o__Oscillospirales;f__UCG-010;g__UCG-010;s__gut_metagenome	0.0	0.0	0.0	1.0	0.0	1.0	1.0	5.0
d__Bacteria;p__Firmicutes;c__Clostridia;o__Lachnospirales;f__Lachnospiraceae;g__Lachnospiraceae_FCS020_group;s__metagenome	0.0	1.0	0.0	0.0	0.0	1.0	0.0	3.0
d__Bacteria;p__Firmicutes;c__Clostridia;o__Lachnospirales;f__Lachnospiraceae;g__Roseburia;s__uncultured_bacterium	0.0	0.0	2.0	0.0	0.0	1.0	0.0	3.0
d__Bacteria;p__Firmicutes;c__Bacilli;o__RF39;f__RF39;g__RF39;s__human_gut	1.0	0.0	0.0	1.0	0.0	0.0	1.0	4.0
d__Bacteria;p__Actinobacteriota;c__Actinobacteria;o__Actinomycetales;f__Actinomycetaceae;g__Actinomyces;__	0.0	0.0	0.0	0.0	2.0	1.0	0.0	2.0
d__Bacteria;p__Firmicutes;c__Clostridia;o__Oscillospirales;f__Ruminococcaceae;g__Subdoligranulum;s__uncultured_Ruminococcaceae	0.0	3.0	6.0	3.0	0.0	0.0	0.0	7.0
d__Bacteria;p__Bacteroidota;c__Bacteroidia;o__Bacteroidales;f__uncultured;g__uncultured;s__uncultured_bacterium	0.0	1.0	0.0	0.0	0.0	0.0	1.0	2.0
d__Bacteria;p__Firmicutes;c__Clostridia;o__Oscillospirales;f__[Eubacterium]_coprostanoligenes_group;g__[Eubacterium]_coprostanoligenes_group;s__uncultured_bacterium	0.0	17.0	1.0	0.0	1.0	0.0	0.0	4.0
d__Bacteria;p__Firmicutes;c__Clostridia;o__Lachnospirales;f__Lachnospiraceae;g__Lachnospiraceae_FCS020_group;__	1.0	0.0	2.0	0.0	0.0	0.0	0.0	2.0
d__Bacteria;p__Actinobacteriota;c__Coriobacteriia;o__Coriobacteriales;f__Eggerthellaceae;g__Senegalimassilia;s__Senegalimassilia_anaerobia	0.0	1.0	0.0	0.0	0.0	1.0	0.0	10.0
d__Bacteria;p__Firmicutes;c__Clostridia;o__Oscillospirales;f__Oscillospiraceae;g__UCG-002;s__uncultured_bacterium	2.0	2.0	4.0	2.0	0.0	5.0	0.0	7.0
d__Bacteria;p__Firmicutes;c__Clostridia;o__Lachnospirales;f__Lachnospiraceae;g__Lachnospiraceae_UCG-004;s__uncultured_Lachnospiraceae	2.0	0.0	0.0	0.0	0.0	0.0	1.0	1.0
d__Bacteria;p__Firmicutes;c__Clostridia;o__Christensenellales;f__Christensenellaceae;g__Christensenellaceae_R-7_group;s__uncultured_soil	2.0	2.0	0.0	0.0	1.0	0.0	0.0	0.0
d__Bacteria;p__Firmicutes;c__Clostridia;o__Peptostreptococcales-Tissierellales;f__Anaerovoracaceae;g__Family_XIII_AD3011_group;__	1.0	0.0	0.0	0.0	0.0	1.0	0.0	1.0
d__Bacteria;p__Firmicutes;c__Clostridia;o__Oscillospirales;f__Oscillospiraceae;g__UCG-002;s__uncultured_marine	0.0	2.0	2.0	0.0	0.0	1.0	1.0	0.0
d__Bacteria;p__Firmicutes;c__Clostridia;o__Oscillospirales;f__[Eubacterium]_coprostanoligenes_group;g__[Eubacterium]_coprostanoligenes_group;s__uncultured_Clostridium	0.0	2.0	1.0	1.0	0.0	2.0	1.0	0.0
d__Bacteria;p__Firmicutes;c__Bacilli;o__Erysipelotrichales;f__Erysipelotrichaceae;g__Dielma;__	0.0	3.0	2.0	0.0	0.0	0.0	9.0	0.0
d__Bacteria;p__Firmicutes;c__Clostridia;o__Oscillospirales;f__Ruminococcaceae;g__Anaerotruncus;s__Anaerotruncus_sp.	0.0	3.0	1.0	0.0	0.0	0.0	0.0	1.0
d__Bacteria;p__Firmicutes;c__Bacilli;o__Staphylococcales;f__Gemellaceae;g__Gemella;__	0.0	1.0	1.0	0.0	0.0	1.0	1.0	0.0
d__Bacteria;p__Actinobacteriota;c__Coriobacteriia;o__Coriobacteriales;f__Eggerthellaceae;g__Adlercreutzia;__	0.0	1.0	4.0	0.0	0.0	0.0	2.0	1.0
d__Bacteria;p__Desulfobacterota;c__Desulfovibrionia;o__Desulfovibrionales;f__Desulfovibrionaceae;g__Desulfovibrio;s__metagenome	0.0	1.0	2.0	0.0	0.0	1.0	0.0	2.0
d__Bacteria;p__Firmicutes;c__Clostridia;o__Oscillospirales;f__Ruminococcaceae;g__Candidatus_Soleaferrea;s__uncultured_Anaerotruncus	0.0	1.0	2.0	0.0	1.0	0.0	0.0	0.0
d__Bacteria;p__Firmicutes;c__Clostridia;o__Christensenellales;f__Christensenellaceae;g__uncultured;s__uncultured_bacterium	0.0	0.0	4.0	0.0	0.0	4.0	1.0	0.0
d__Bacteria;p__Firmicutes;c__Clostridia;o__Oscillospirales;f__Ruminococcaceae;g__Caproiciproducens;__	0.0	0.0	3.0	0.0	1.0	1.0	0.0	0.0
d__Bacteria;p__Proteobacteria;c__Gammaproteobacteria;o__Burkholderiales;f__Burkholderiaceae;g__Lautropia;__	0.0	0.0	1.0	0.0	0.0	1.0	1.0	0.0
d__Bacteria;p__Firmicutes;c__Clostridia;o__Lachnospirales;f__Lachnospiraceae;g__Agathobacter;s__metagenome	0.0	0.0	2.0	0.0	0.0	0.0	1.0	3.0
