#OTU ID	024_B2	074_B2	090_subseq	146_B1	153_B3	258_B3
TRINITY_DN144095_c1_g1_i3	170	0	0	0	0	331
TRINITY_DN142340_c0_g1_i1	3	0	0	7	0	1
TRINITY_DN137178_c1_g1_i1	0	0	5	2	0	0
TRINITY_DN137665_c1_g1_i6	5	0	1	0	6	1
TRINITY_DN141904_c4_g1_i1	0	0	0	0	41	1
TRINITY_DN145831_c5_g1_i5	0	0	2	0	0	4
TRINITY_DN145613_c33_g1_i2	0	64	13	7	0	9
TRINITY_DN142224_c5_g2_i1	0	7	0	1	0	0
TRINITY_DN141909_c3_g3_i1	2	0	1	3	0	2
TRINITY_DN132578_c2_g1_i1	1	0	0	0	28	0
TRINITY_DN141279_c11_g2_i1	2	37	0	0	0	0
TRINITY_DN145617_c0_g1_i12	20	0	0	30	0	0
TRINITY_DN141956_c4_g2_i1	2	0	47	15	0	0
TRINITY_DN146943_c0_g1_i1	4	12	1	5	0	6
TRINITY_DN142927_c7_g2_i2	1	0	1	1	0	0
TRINITY_DN144044_c6_g1_i2	1	0	1	6	0	8
TRINITY_DN141994_c15_g1_i1	4	0	1	0	0	2
TRINITY_DN145434_c4_g1_i8	3	0	0	2	0	1
TRINITY_DN140598_c0_g3_i3	1	0	0	26	0	0
TRINITY_DN141104_c10_g3_i4	0	0	0	1	31	0
TRINITY_DN139151_c4_g3_i7	6	0	0	0	0	20
TRINITY_DN142174_c7_g1_i1	2	0	2	0	1	1
TRINITY_DN140299_c1_g4_i1	0	0	1	0	0	1
TRINITY_DN140875_c1_g1_i3	1	0	4	2	0	1
TRINITY_DN145036_c19_g2_i2	1	5	12	3283	0	5
TRINITY_DN145841_c0_g1_i17	2	0	66	0	0	1
TRINITY_DN39610_c0_g1_i1	1	0	0	0	0	1
TRINITY_DN140488_c3_g4_i1	0	0	2	3	0	1
TRINITY_DN135592_c1_g1_i2	4	0	0	0	8	0
TRINITY_DN136273_c1_g1_i3	0	0	0	1	0	2
TRINITY_DN141904_c3_g3_i1	1	0	0	21	0	1
TRINITY_DN131057_c0_g1_i1	1	0	0	5	0	0
TRINITY_DN139980_c3_g1_i4	0	0	0	5	0	10
TRINITY_DN133942_c0_g1_i2	9	0	0	7	0	1
TRINITY_DN144460_c2_g1_i8	83	2	12	52	0	18
TRINITY_DN136830_c1_g2_i7	0	6	1	0	0	1
TRINITY_DN126822_c0_g1_i1	1	0	0	3	0	0
TRINITY_DN138141_c2_g1_i1	0	0	1	7	0	1
TRINITY_DN142271_c2_g1_i1	1	0	2	0	0	0
TRINITY_DN145228_c1_g1_i16	2	0	0	2	0	4
TRINITY_DN141075_c3_g1_i2	8	2	1	0	0	0
TRINITY_DN142038_c0_g1_i2	0	0	1	0	0	4
TRINITY_DN141541_c3_g1_i7	0	5	2	0	0	2
TRINITY_DN143183_c5_g1_i5	1	0	0	0	0	2
TRINITY_DN143335_c2_g2_i1	14	35	1	0	26	0
TRINITY_DN135563_c0_g1_i1	0	0	0	7	0	3
TRINITY_DN144618_c0_g1_i1	5	2	3	17	0	4
TRINITY_DN140068_c5_g1_i2	0	0	8	13	0	7
TRINITY_DN143367_c3_g1_i2	2	0	3	0	0	3
TRINITY_DN144751_c7_g1_i9	6	0	2	30	0	13
TRINITY_DN142438_c2_g2_i3	0	0	2	1	0	0
TRINITY_DN142438_c3_g3_i3	1	0	2	4	0	8
TRINITY_DN148666_c2_g1_i1	1	0	0	0	0	462
TRINITY_DN138767_c8_g1_i2	0	0	1	4	0	1
TRINITY_DN137080_c0_g1_i1	0	0	2	0	0	1
TRINITY_DN145599_c1_g1_i4	0	0	8	0	0	25
TRINITY_DN140939_c1_g4_i1	0	0	1	0	0	3
TRINITY_DN135168_c0_g7_i1	0	0	5	1	0	5
TRINITY_DN144231_c2_g2_i1	1	0	0	1	0	2
TRINITY_DN144690_c1_g2_i6	69	0	0	79	5	13
TRINITY_DN144618_c0_g1_i7	5	0	60	0	0	0
TRINITY_DN129983_c0_g1_i2	0	0	0	3	0	1
TRINITY_DN144134_c2_g11_i2	1	0	1	0	0	3
TRINITY_DN144329_c9_g1_i1	0	0	1	0	0	7
TRINITY_DN145735_c4_g1_i1	9	3	1	0	0	8
TRINITY_DN141104_c10_g3_i2	0	0	0	3	138	0
TRINITY_DN142068_c0_g1_i4	1	0	1	3	0	0
TRINITY_DN144415_c2_g1_i4	27	0	0	522	0	31
TRINITY_DN139144_c4_g1_i1	0	0	2	1	0	4
TRINITY_DN140644_c4_g4_i2	0	0	1	3	0	1
TRINITY_DN141081_c6_g5_i5	0	0	1	0	0	1
TRINITY_DN1325184_c0_g1_i1	15	0	3	0	0	7
TRINITY_DN137630_c3_g3_i1	0	53	1	24	0	0
TRINITY_DN138725_c2_g4_i1	2	0	36	0	0	3
TRINITY_DN140335_c2_g3_i2	5	0	0	8	0	21
TRINITY_DN141179_c1_g1_i2	1	0	0	2	0	1
TRINITY_DN145334_c2_g1_i4	211	0	0	1	0	6
TRINITY_DN138778_c2_g1_i3	0	5	2	1	0	0
TRINITY_DN143840_c6_g1_i2	12	12	0	34	78	1
TRINITY_DN145220_c3_g1_i7	9	15	1	177	0	3
TRINITY_DN137221_c0_g1_i2	0	0	1	1	0	0
TRINITY_DN137100_c3_g8_i2	0	0	1	0	0	1
TRINITY_DN145458_c4_g1_i1	18	0	22	3	0	19
TRINITY_DN391927_c1_g4_i1	3	2	0	0	0	208
TRINITY_DN139303_c0_g1_i3	1	0	2	0	0	0
TRINITY_DN136090_c0_g1_i1	2	0	0	0	0	1
TRINITY_DN68376_c0_g1_i1	1	0	4	0	0	6
TRINITY_DN136655_c3_g1_i2	2	12	12	12	0	5
TRINITY_DN145565_c2_g1_i1	1	0	3	0	0	0
TRINITY_DN145429_c4_g2_i1	0	0	3	0	0	17
TRINITY_DN141971_c4_g1_i1	3	0	0	0	31	0
TRINITY_DN137898_c5_g2_i5	1	0	0	0	3	0
TRINITY_DN142850_c1_g1_i10	8	0	1	0	0	1
TRINITY_DN142761_c18_g1_i1	31	0	0	70	0	0
TRINITY_DN145091_c0_g1_i5	0	0	50	4	0	6
TRINITY_DN145803_c5_g1_i3	1	0	0	39	0	10
TRINITY_DN129538_c3_g1_i1	1	0	2	0	3	0
TRINITY_DN140061_c3_g1_i4	0	15	1	3	0	2
TRINITY_DN141142_c7_g8_i1	0	0	0	1	0	11
TRINITY_DN142732_c5_g2_i1	10	0	0	0	124	0
TRINITY_DN134406_c6_g1_i1	1	0	0	0	22	0
TRINITY_DN143113_c1_g1_i11	0	0	1	12	0	0
TRINITY_DN144541_c0_g2_i1	5	0	0	0	0	17
TRINITY_DN141488_c2_g3_i5	1	0	4	0	0	2
TRINITY_DN145098_c7_g1_i1	1	0	5	9	0	3
TRINITY_DN139138_c8_g2_i1	0	0	57	0	14	32
TRINITY_DN134458_c0_g3_i2	2	0	9	0	1	0
TRINITY_DN137446_c0_g1_i1	0	0	0	1	0	1
TRINITY_DN142363_c4_g1_i1	0	0	3	23	0	12
TRINITY_DN135798_c3_g7_i1	0	3	1	0	0	2
TRINITY_DN143643_c5_g2_i1	1	0	0	0	8	2
TRINITY_DN139733_c1_g1_i2	1	0	1	1	0	1
TRINITY_DN143045_c2_g1_i3	1	0	1	1	0	0
TRINITY_DN143943_c2_g4_i4	0	0	6	4	0	1
TRINITY_DN141946_c0_g1_i6	0	0	1	0	0	1
TRINITY_DN144369_c5_g3_i2	0	0	0	11	0	1
TRINITY_DN138672_c2_g5_i1	0	0	1	1	0	1
TRINITY_DN145437_c12_g1_i1	5	0	0	396	0	14
TRINITY_DN142337_c4_g1_i1	0	0	0	0	0	22
TRINITY_DN84234_c5_g1_i1	21	0	3	5749	0	0
TRINITY_DN139322_c2_g1_i1	2	0	0	2	0	0
TRINITY_DN144528_c0_g2_i1	1	0	1	23	0	0
TRINITY_DN145171_c1_g1_i4	1	0	71	1	86	3
TRINITY_DN132736_c2_g2_i1	4	0	0	0	33	0
TRINITY_DN143228_c5_g12_i1	2	0	24	0	13	0
TRINITY_DN138818_c3_g1_i1	0	0	2	1	0	3
TRINITY_DN138173_c1_g1_i8	0	0	1	0	0	4
TRINITY_DN142304_c20_g2_i2	0	0	54	5	0	16
TRINITY_DN141075_c3_g5_i1	1	0	2	0	0	27
TRINITY_DN137753_c0_g3_i1	1	2	5	0	0	15
TRINITY_DN143725_c0_g2_i5	0	0	1	10	0	1
TRINITY_DN137764_c2_g1_i2	0	0	1	0	24	0
TRINITY_DN144881_c7_g2_i1	151	0	0	0	64	0
TRINITY_DN135927_c1_g1_i1	0	0	1	0	0	3
TRINITY_DN144529_c5_g4_i2	7	0	0	0	0	1
TRINITY_DN139222_c2_g3_i1	17	0	0	0	26	0
TRINITY_DN136922_c1_g3_i3	0	0	0	2	0	2
TRINITY_DN144397_c3_g3_i1	0	0	3	0	0	24
TRINITY_DN143795_c3_g2_i4	1	9	4	8	0	0
TRINITY_DN142272_c5_g1_i4	1	0	1	0	0	5
TRINITY_DN142809_c8_g1_i1	0	0	3	0	0	2
TRINITY_DN144768_c2_g1_i1	40	0	3	0	2	13
TRINITY_DN140014_c6_g5_i1	0	0	6	0	0	3
TRINITY_DN139094_c2_g1_i5	0	0	0	22	0	3
TRINITY_DN137621_c1_g1_i1	1	0	18	4	0	1
TRINITY_DN142988_c3_g2_i1	1	0	0	0	0	0
TRINITY_DN144808_c0_g1_i2	0	0	1	0	0	1
TRINITY_DN144559_c1_g1_i12	0	0	4	0	0	0
TRINITY_DN139448_c3_g2_i1	0	43	4	8	0	2
TRINITY_DN143647_c9_g1_i2	4	0	0	0	0	3
TRINITY_DN142116_c1_g1_i10	0	0	3	0	0	11
TRINITY_DN142437_c0_g3_i2	0	0	0	1	0	2
TRINITY_DN137920_c0_g1_i1	1	0	0	5	0	0
TRINITY_DN141885_c1_g3_i1	3	0	2	44	0	1
TRINITY_DN145708_c0_g1_i3	0	0	0	9	0	2
TRINITY_DN141681_c4_g2_i5	0	0	1	0	0	10
TRINITY_DN138696_c6_g1_i1	1	0	0	0	15	0
TRINITY_DN135914_c2_g2_i1	1	1	1	9	0	1
TRINITY_DN141681_c3_g1_i3	1	0	3	0	0	2
TRINITY_DN136346_c15_g3_i6	1	0	3	4	0	0
TRINITY_DN145567_c1_g1_i9	1	0	0	33	0	0
TRINITY_DN123575_c10_g1_i1	4496	0	0	0	7533	0
TRINITY_DN141429_c0_g1_i4	0	6	5	0	0	1
TRINITY_DN141533_c2_g3_i4	0	0	2	0	0	1
TRINITY_DN134799_c1_g1_i1	1	0	0	4	16	0
TRINITY_DN145703_c5_g2_i6	1	0	3	0	0	1
TRINITY_DN59820_c3_g1_i1	79	0	1	0	0	10
TRINITY_DN139620_c0_g1_i1	3	0	1	14	0	0
TRINITY_DN140268_c4_g1_i1	4	0	0	0	0	16
TRINITY_DN143715_c2_g2_i3	0	0	0	3	1	0
TRINITY_DN142873_c4_g5_i5	0	16	15	0	0	3
TRINITY_DN142789_c0_g3_i5	0	5	0	3	0	0
TRINITY_DN145655_c4_g1_i2	70	28	2	0	0	45
TRINITY_DN142761_c17_g1_i7	14	0	0	30	0	1
TRINITY_DN144104_c1_g2_i1	37	0	0	0	9	0
TRINITY_DN141923_c4_g1_i10	1	2	0	2	0	0
TRINITY_DN383713_c2_g1_i1	1	18	44	22	7	410
TRINITY_DN145542_c10_g3_i3	1	0	2	1	0	1
TRINITY_DN145493_c5_g1_i1	2	0	0	0	0	1
TRINITY_DN141358_c25_g1_i2	1	0	0	0	42	0
TRINITY_DN142193_c5_g2_i1	1	0	0	16	0	0
TRINITY_DN137491_c0_g1_i3	1	0	2	0	0	1
TRINITY_DN143696_c5_g2_i4	2	0	0	0	0	2
TRINITY_DN144608_c1_g1_i5	0	0	0	7	0	1
TRINITY_DN136333_c2_g2_i3	1	0	0	1	0	0
TRINITY_DN134556_c3_g2_i2	2	55	1	3	0	0
TRINITY_DN140852_c3_g1_i1	7	0	0	0	10	20
TRINITY_DN137801_c0_g1_i10	2	0	1	1	0	0
TRINITY_DN144653_c7_g8_i1	17	0	37	407	55	306
TRINITY_DN143948_c6_g3_i3	1	0	1	0	0	22
TRINITY_DN145741_c0_g1_i2	5	0	53	0	42	13
TRINITY_DN139212_c16_g1_i3	0	30	38	2	0	0
TRINITY_DN137643_c3_g7_i1	0	3	0	0	0	3
TRINITY_DN140323_c17_g1_i4	0	0	7	13	0	0
TRINITY_DN134848_c2_g1_i1	1	0	0	0	17	0
TRINITY_DN143085_c4_g1_i1	2	0	3	6	0	0
TRINITY_DN145842_c0_g1_i1	15	0	263	1	0	0
TRINITY_DN138017_c4_g1_i5	1	0	1	0	0	1
TRINITY_DN140045_c1_g6_i1	0	0	3	5	0	3
TRINITY_DN142309_c15_g5_i1	30	0	0	0	0	5
TRINITY_DN77203_c1_g3_i1	0	1	19	2	0	0
TRINITY_DN139870_c0_g1_i2	4	0	0	0	0	1
TRINITY_DN143355_c2_g3_i1	1	0	0	0	65	5
TRINITY_DN144559_c1_g1_i11	2	0	1	7	0	1
TRINITY_DN136090_c0_g1_i2	0	0	1	12	0	0
TRINITY_DN142399_c1_g1_i1	0	0	1	1	0	0
TRINITY_DN145517_c2_g1_i1	5	0	0	0	0	0
TRINITY_DN137601_c4_g7_i1	2	0	0	0	4	0
TRINITY_DN139802_c0_g3_i4	0	0	0	3	0	1
TRINITY_DN144028_c0_g1_i1	1	0	0	0	0	1
TRINITY_DN142271_c2_g1_i8	0	0	0	0	0	5
TRINITY_DN131368_c0_g2_i2	0	0	0	0	0	1
TRINITY_DN139985_c3_g1_i1	2	3	0	9	0	2
TRINITY_DN144293_c4_g2_i6	2	0	1	4	0	0
TRINITY_DN139533_c3_g1_i1	4	0	1	0	10	0
TRINITY_DN145365_c5_g8_i1	1	0	0	0	0	1
TRINITY_DN143669_c0_g5_i1	1	0	2	2	0	0
TRINITY_DN144827_c1_g1_i6	5	0	0	4	0	0
TRINITY_DN141456_c1_g2_i1	1	0	4	0	0	3
TRINITY_DN141375_c1_g1_i6	0	0	1	5	0	0
TRINITY_DN141629_c0_g1_i2	1	0	0	23	0	7
TRINITY_DN137703_c6_g1_i1	5	0	0	0	41	0
TRINITY_DN141192_c7_g16_i2	4	269	26	6	52	3
TRINITY_DN142069_c4_g1_i9	0	0	7	4	2	11
TRINITY_DN136073_c11_g6_i1	1	0	0	0	16	0
TRINITY_DN129325_c0_g2_i1	0	0	2	53	0	2
TRINITY_DN142537_c3_g9_i1	1	0	0	0	1	0
TRINITY_DN145391_c5_g1_i4	1	0	0	0	0	6
TRINITY_DN141619_c2_g1_i5	1	2	112	7	0	11
TRINITY_DN136345_c1_g1_i1	1	0	0	0	0	1
TRINITY_DN140884_c10_g2_i3	1	0	0	0	0	1
TRINITY_DN145577_c2_g1_i1	88	0	9	50	2	25
TRINITY_DN70273_c9_g3_i1	69	0	0	0	4	65
TRINITY_DN144474_c1_g1_i1	2	0	7	0	0	0
TRINITY_DN140848_c2_g1_i1	0	0	2	0	1	0
TRINITY_DN143730_c1_g2_i1	0	0	0	1	0	1
TRINITY_DN138029_c15_g1_i1	0	0	8	1	0	2
TRINITY_DN139562_c3_g1_i1	4	0	0	0	0	4
TRINITY_DN142591_c6_g7_i3	8	0	4	38	0	12
TRINITY_DN135568_c0_g1_i3	0	0	1	2	0	2
TRINITY_DN141328_c4_g5_i1	1	0	1	0	10	1
TRINITY_DN140574_c1_g1_i7	0	0	1	0	2	1
TRINITY_DN134951_c0_g1_i1	0	2	1	9	0	0
TRINITY_DN140367_c17_g6_i1	1	0	0	0	0	0
TRINITY_DN137041_c0_g1_i1	14	0	0	0	8	0
TRINITY_DN140607_c1_g1_i1	1	6	0	25	0	0
TRINITY_DN145061_c2_g1_i1	87	0	1	0	3	13
TRINITY_DN145515_c3_g1_i5	1	4	0	0	0	0
TRINITY_DN144907_c14_g1_i1	1	0	0	0	0	13
TRINITY_DN145227_c2_g1_i3	0	0	0	3	0	49
TRINITY_DN140649_c6_g1_i2	1	0	0	2	0	0
TRINITY_DN144626_c2_g1_i3	5	5	2	48	0	0
TRINITY_DN139582_c2_g1_i3	0	0	0	2	0	1
TRINITY_DN142900_c5_g1_i6	18	0	1	0	0	41
TRINITY_DN85643_c0_g1_i1	632	0	1	1	0	94
TRINITY_DN138543_c2_g2_i2	1	0	0	0	0	1
TRINITY_DN139116_c3_g1_i2	0	5	5	10	0	1
TRINITY_DN129216_c4_g1_i1	1	0	5	15	0	17
TRINITY_DN138200_c2_g1_i1	0	31	2	0	0	0
TRINITY_DN141476_c1_g1_i4	2	0	0	0	11	0
TRINITY_DN137565_c1_g2_i3	2	0	1	0	4	0
TRINITY_DN135487_c1_g2_i4	0	5	4	0	0	17
TRINITY_DN139723_c4_g1_i1	0	0	1	0	0	3
TRINITY_DN144825_c5_g1_i5	2	0	0	1	0	8
TRINITY_DN143409_c0_g1_i7	0	0	1	1	0	0
TRINITY_DN143270_c3_g1_i2	3	0	4	0	0	0
TRINITY_DN141803_c14_g7_i1	35	0	0	0	252	8
TRINITY_DN143034_c0_g2_i1	0	0	2	0	0	1
TRINITY_DN145261_c61_g1_i3	22	0	23	0	0	496
TRINITY_DN144959_c7_g1_i5	1	0	0	2	0	2
TRINITY_DN144271_c1_g2_i1	4	0	0	38	4	0
TRINITY_DN142485_c6_g9_i1	52	0	24	0	0	113
TRINITY_DN144904_c4_g1_i2	20	0	0	269	0	0
TRINITY_DN1311935_c6_g2_i1	0	7	28	9	0	0
TRINITY_DN142446_c2_g1_i3	0	0	1	3	0	3
TRINITY_DN135297_c0_g3_i1	1	0	1	0	0	0
TRINITY_DN124509_c2_g2_i1	2	0	2	0	0	1
TRINITY_DN144236_c2_g1_i14	3	0	0	0	0	3
TRINITY_DN141804_c1_g1_i4	0	0	0	1	0	1
TRINITY_DN136113_c1_g1_i4	0	17	0	34	0	0
TRINITY_DN383600_c50_g1_i1	0	1	0	0	15046	0
TRINITY_DN140104_c0_g2_i7	1	0	1	4	0	2
TRINITY_DN119709_c0_g1_i1	1	0	0	0	0	1
TRINITY_DN144589_c0_g1_i4	7	0	0	1	1	0
TRINITY_DN134571_c44_g1_i1	63	21	25	46	0	229
TRINITY_DN144859_c6_g1_i4	0	0	3	0	0	7
TRINITY_DN145021_c3_g1_i1	2	0	1	0	7	18
TRINITY_DN137655_c1_g3_i2	1	0	15	0	0	2
TRINITY_DN140808_c1_g1_i13	3	0	0	2	0	1
TRINITY_DN136118_c0_g2_i3	0	0	5	1	0	1
TRINITY_DN1099395_c0_g1_i1	0	0	17	0	0	3
TRINITY_DN143620_c2_g1_i2	0	0	2	1	0	2
TRINITY_DN143766_c1_g3_i1	0	0	1	1	0	1
TRINITY_DN145803_c5_g1_i4	124	1	0	573	0	293
TRINITY_DN145623_c1_g1_i5	0	0	3	3	0	0
TRINITY_DN139598_c0_g2_i8	0	0	1	0	0	2
TRINITY_DN138230_c1_g1_i6	28	0	0	0	18	0
TRINITY_DN141803_c15_g2_i7	0	20	0	0	62	0
TRINITY_DN145373_c0_g1_i1	7	0	0	0	0	8
TRINITY_DN141904_c3_g1_i1	1	0	1	0	4	4
TRINITY_DN144543_c2_g1_i11	0	0	1	0	23	11
TRINITY_DN139720_c6_g2_i1	0	0	1	5	0	1
TRINITY_DN139422_c4_g1_i7	0	0	1	2	0	1
TRINITY_DN136653_c4_g1_i6	0	74	1	0	0	1
TRINITY_DN142283_c2_g1_i12	1	1	3	3	0	0
TRINITY_DN140265_c7_g4_i1	80	0	0	215	0	58
TRINITY_DN143849_c2_g1_i5	1	0	2	0	0	2
TRINITY_DN145074_c4_g2_i15	16	0	0	0	0	2
TRINITY_DN144616_c7_g3_i2	17	0	0	0	0	6
TRINITY_DN610131_c0_g2_i1	2	0	0	0	0	4
TRINITY_DN143407_c1_g1_i9	0	0	1	3	0	5
TRINITY_DN120103_c7_g1_i1	0	0	0	1	0	0
TRINITY_DN140347_c7_g1_i2	0	0	2	0	0	2
TRINITY_DN138509_c3_g4_i1	0	0	0	1	0	0
TRINITY_DN612198_c2_g1_i1	13	0	0	513	0	105
TRINITY_DN144368_c1_g1_i1	1	0	2	0	0	6
TRINITY_DN140831_c5_g6_i1	2	0	0	0	17	0
TRINITY_DN145613_c24_g1_i2	1	0	4	33	0	3
TRINITY_DN142433_c2_g1_i9	1	0	3	19	0	0
TRINITY_DN138290_c2_g2_i3	0	0	3	0	0	6
TRINITY_DN1090249_c1_g1_i1	8	0	1	106	0	0
TRINITY_DN144044_c6_g1_i4	2	0	1	0	0	24
TRINITY_DN141574_c1_g14_i1	0	0	1	0	77	0
TRINITY_DN142715_c3_g2_i2	0	0	16	9	0	14
TRINITY_DN141896_c0_g5_i1	1	0	1	0	0	1
TRINITY_DN144979_c3_g1_i1	0	0	0	28	0	1
TRINITY_DN144063_c5_g2_i2	13	0	0	0	0	4
TRINITY_DN141103_c0_g2_i1	12	0	0	0	3	0
TRINITY_DN131550_c0_g1_i1	1	0	1	0	0	0
TRINITY_DN135048_c0_g1_i1	4	0	0	1	0	1
TRINITY_DN143402_c2_g1_i6	4	63	3	70	32	5
TRINITY_DN145292_c1_g1_i18	2	0	5	3	0	1
TRINITY_DN135352_c1_g2_i1	3	0	0	0	70	0
TRINITY_DN143410_c0_g1_i1	1	0	25	0	0	2
TRINITY_DN134765_c1_g1_i1	1	0	0	0	5	0
TRINITY_DN135776_c2_g1_i1	1	0	2	0	0	3
TRINITY_DN141975_c5_g6_i1	0	0	1	0	0	1
TRINITY_DN136140_c0_g1_i4	0	0	1	4	0	3
TRINITY_DN141869_c2_g1_i3	1	0	0	0	0	3
TRINITY_DN143229_c6_g1_i1	11	0	0	0	0	2
TRINITY_DN135636_c0_g1_i1	0	0	0	1	0	3
TRINITY_DN32023_c2_g1_i2	1	0	6	0	0	0
TRINITY_DN142120_c2_g1_i1	4	0	0	9	0	0
TRINITY_DN145463_c6_g1_i1	4	0	0	0	0	2
TRINITY_DN142526_c5_g1_i7	2	0	0	32	0	2
TRINITY_DN143798_c4_g7_i2	0	0	1	0	6	0
TRINITY_DN139003_c2_g1_i8	2	0	1	0	0	1
TRINITY_DN143481_c2_g1_i6	0	0	4	0	4	0
TRINITY_DN141946_c0_g1_i4	1	0	0	0	0	2
TRINITY_DN143188_c10_g1_i2	1	114	11	3	4	3
TRINITY_DN144835_c0_g2_i3	1	0	7	0	0	0
TRINITY_DN138845_c5_g1_i5	0	0	0	2	0	1
TRINITY_DN141371_c2_g1_i2	2	0	0	0	40	0
TRINITY_DN136629_c1_g4_i1	8	0	47	34	0	0
TRINITY_DN140887_c0_g3_i5	0	0	1	0	2	0
TRINITY_DN140498_c0_g1_i7	0	5	0	6	0	0
TRINITY_DN144594_c24_g1_i5	2	0	14	0	87	2
TRINITY_DN137494_c2_g3_i1	0	0	9	1	0	12
TRINITY_DN137054_c3_g3_i1	4	0	0	0	0	8
TRINITY_DN142386_c1_g3_i8	1	0	0	0	0	1
TRINITY_DN137267_c3_g5_i1	0	0	1	0	62	2
TRINITY_DN142352_c8_g1_i3	0	0	1	2	0	3
TRINITY_DN140823_c6_g1_i2	0	0	2	0	19	51
TRINITY_DN135599_c0_g1_i1	1	0	1	0	0	0
TRINITY_DN142437_c0_g3_i4	1	0	0	2	0	1
TRINITY_DN141751_c3_g1_i1	0	0	6	4	0	5
TRINITY_DN139235_c5_g1_i3	1	0	2	1	0	1
TRINITY_DN145344_c5_g1_i1	0	8	18	3	0	9
TRINITY_DN140744_c3_g2_i1	0	0	1	12	0	15
TRINITY_DN141777_c8_g1_i1	0	0	8	7	10	11
TRINITY_DN140117_c0_g8_i1	0	0	1	1	0	1
TRINITY_DN870186_c0_g1_i2	1	0	1	4	0	0
TRINITY_DN142800_c9_g1_i1	26	0	0	0	40	0
TRINITY_DN144769_c1_g1_i1	0	0	2	2	0	1
TRINITY_DN143088_c3_g4_i1	0	0	3	1	0	10
TRINITY_DN138663_c0_g1_i1	1	0	0	4	0	1
TRINITY_DN141413_c1_g2_i2	2	0	4	0	0	2
TRINITY_DN135774_c6_g7_i1	2	0	0	2	0	1
TRINITY_DN145261_c61_g2_i1	0	0	13	0	0	5
TRINITY_DN143084_c1_g1_i5	3	0	0	0	0	1
TRINITY_DN136784_c0_g1_i9	0	0	3	0	0	5
TRINITY_DN50955_c0_g1_i1	11	0	0	0	0	1
TRINITY_DN139422_c4_g1_i8	0	0	3	11	0	2
TRINITY_DN137488_c3_g2_i3	1	0	1	0	0	1
TRINITY_DN109895_c0_g1_i1	1	0	1	2	0	0
TRINITY_DN142175_c5_g7_i1	12	0	1	1	0	0
TRINITY_DN135776_c2_g1_i2	0	0	0	1	0	2
TRINITY_DN140278_c0_g1_i1	2	2	4	0	0	4
TRINITY_DN141643_c0_g5_i3	0	0	2	0	0	1
TRINITY_DN138543_c2_g6_i2	1	0	2	0	0	2
TRINITY_DN139257_c3_g2_i6	0	0	0	0	0	5
TRINITY_DN1090380_c4_g1_i1	0	0	0	0	0	22
TRINITY_DN141543_c1_g2_i10	1	0	1	0	0	0
TRINITY_DN861195_c2_g1_i1	0	0	0	1	24	1
TRINITY_DN137402_c3_g1_i2	1	0	9	0	23	0
TRINITY_DN144266_c8_g1_i3	0	0	1	18	0	0
TRINITY_DN142796_c3_g1_i3	0	1	3	0	0	0
TRINITY_DN145064_c0_g1_i4	32	0	2	0	0	4
TRINITY_DN144606_c1_g6_i1	0	1	2	0	0	1
TRINITY_DN137375_c0_g1_i5	3	0	0	0	4	0
TRINITY_DN25374_c2_g1_i1	0	0	1	1	0	1
TRINITY_DN144003_c14_g1_i1	2	3	0	0	67	8
TRINITY_DN145461_c6_g2_i1	0	0	50	0	0	1
TRINITY_DN136932_c1_g1_i6	1	0	1	0	0	3
TRINITY_DN144196_c3_g1_i4	12	0	1	0	0	8
TRINITY_DN142451_c1_g1_i15	0	0	1	0	0	1
TRINITY_DN138025_c6_g1_i1	2	0	4	2	0	0
TRINITY_DN145232_c3_g1_i1	19	0	0	0	0	4
TRINITY_DN136503_c3_g2_i6	3	0	0	0	0	2
TRINITY_DN136183_c3_g4_i3	0	0	0	18	0	0
TRINITY_DN142309_c15_g5_i4	9	0	0	189	0	0
TRINITY_DN134640_c1_g2_i2	2	0	1	4	0	0
TRINITY_DN142620_c2_g2_i1	0	0	2	1	0	2
TRINITY_DN145397_c5_g1_i1	12	0	0	165	0	245
TRINITY_DN139288_c4_g1_i1	9	0	0	72	0	14
TRINITY_DN142575_c1_g1_i1	0	0	1	0	0	3
TRINITY_DN139137_c2_g4_i2	0	0	1	0	0	5
TRINITY_DN137898_c6_g1_i1	3	0	0	0	65	0
TRINITY_DN143647_c9_g1_i4	14	0	0	0	0	16
TRINITY_DN145300_c5_g1_i3	118	1	0	214	0	31
TRINITY_DN144688_c2_g4_i7	0	1	0	2	0	2
TRINITY_DN144708_c3_g1_i6	2	17	18	4	2	255
TRINITY_DN139422_c4_g2_i1	1	0	8	8	0	4
TRINITY_DN144483_c7_g1_i1	0	0	0	0	19	10
TRINITY_DN141353_c1_g1_i3	1	0	3	0	0	1
TRINITY_DN132024_c0_g1_i1	0	0	1	0	0	1
TRINITY_DN143128_c10_g3_i1	1	0	0	0	44	0
TRINITY_DN143948_c6_g3_i2	55	43	6	48	0	54
TRINITY_DN132086_c1_g1_i1	0	0	1	0	0	7
TRINITY_DN143079_c6_g4_i1	0	0	6	0	0	1
TRINITY_DN138910_c3_g1_i1	2	0	0	0	20	0
TRINITY_DN137822_c0_g3_i5	0	0	2	15	0	0
TRINITY_DN136074_c0_g1_i1	0	0	3	1	0	0
TRINITY_DN130619_c1_g1_i1	1	0	0	0	0	1
TRINITY_DN131793_c0_g1_i1	0	0	0	0	0	1
TRINITY_DN137332_c1_g1_i9	1	0	0	1	0	1
TRINITY_DN142068_c0_g1_i1	2	0	1	92	0	1
TRINITY_DN137854_c1_g2_i7	0	0	0	11	0	3
TRINITY_DN145190_c4_g1_i1	1	0	1	41	0	0
TRINITY_DN137435_c4_g3_i1	1	0	0	0	0	3
TRINITY_DN142399_c1_g1_i4	0	0	3	7	0	4
TRINITY_DN145502_c1_g1_i5	0	2	14	0	0	43
TRINITY_DN1311633_c0_g1_i1	17	0	0	0	0	46
TRINITY_DN138387_c1_g1_i3	0	0	1	0	0	5
TRINITY_DN142715_c2_g2_i2	1	0	2	2	0	0
TRINITY_DN137350_c1_g1_i1	1	0	1	25	0	0
TRINITY_DN135449_c0_g1_i3	0	0	1	0	5	0
TRINITY_DN145826_c0_g1_i8	45	0	0	0	0	31
TRINITY_DN1313004_c2_g1_i1	2	0	0	73	0	2
TRINITY_DN139116_c3_g1_i4	1	0	3	5	0	4
TRINITY_DN135771_c1_g1_i2	1	0	0	1	0	2
TRINITY_DN135149_c0_g2_i2	2	0	1	0	5	0
TRINITY_DN145452_c2_g1_i3	0	0	0	12	0	1
TRINITY_DN139635_c4_g3_i1	0	0	3	1	0	2
TRINITY_DN143140_c4_g1_i1	0	0	1	1	0	18
TRINITY_DN141324_c4_g5_i1	1	0	6	29	5	8
TRINITY_DN142891_c6_g1_i1	4	0	0	0	47	0
TRINITY_DN139065_c1_g2_i7	0	0	3	0	0	1
TRINITY_DN138655_c2_g3_i5	0	0	2	8	0	4
TRINITY_DN138415_c0_g1_i3	0	0	4	0	4	0
TRINITY_DN144095_c1_g1_i1	7	0	0	0	0	9
TRINITY_DN139983_c2_g3_i2	0	2	0	0	0	24
TRINITY_DN144974_c2_g2_i18	3	0	1	0	0	2
TRINITY_DN85531_c0_g1_i1	0	0	0	5	1	9
TRINITY_DN7230_c1_g2_i2	4	0	2	0	69	8
TRINITY_DN145304_c3_g1_i2	1	0	0	6	0	4
TRINITY_DN86037_c4_g1_i1	1	0	0	407	0	0
TRINITY_DN141425_c1_g6_i1	0	0	1	0	0	1
TRINITY_DN137267_c3_g1_i6	1	0	1	0	0	5
TRINITY_DN139094_c2_g1_i2	1	0	3	0	0	11
TRINITY_DN141065_c3_g1_i4	0	1	2	0	0	2
TRINITY_DN133197_c0_g1_i1	0	0	1	1	0	2
TRINITY_DN145330_c0_g1_i6	0	1	0	50	0	0
TRINITY_DN139737_c0_g1_i3	0	0	1	6	0	2
TRINITY_DN141121_c3_g2_i8	1	0	0	0	0	1
TRINITY_DN138995_c5_g2_i1	0	0	0	4	0	1
TRINITY_DN145694_c4_g1_i4	2	0	1	412	0	0
TRINITY_DN142412_c2_g1_i2	0	3	3	6	0	1
TRINITY_DN134168_c3_g1_i1	1	0	2	0	0	0
TRINITY_DN139632_c5_g5_i1	1	0	0	0	0	15
TRINITY_DN145821_c4_g1_i2	0	0	1	0	0	0
TRINITY_DN139685_c2_g1_i2	0	0	1	0	0	36
TRINITY_DN144747_c1_g1_i4	2	0	5	0	0	0
TRINITY_DN131133_c0_g2_i1	0	0	1	0	0	12
TRINITY_DN140831_c4_g1_i2	4	0	0	2	0	2
TRINITY_DN145422_c2_g1_i12	1	0	2	6	0	0
TRINITY_DN144588_c6_g2_i1	2	0	69	3	0	0
TRINITY_DN144894_c1_g3_i9	3	0	0	3	0	2
TRINITY_DN139345_c0_g2_i2	0	0	0	0	0	3
TRINITY_DN144726_c5_g3_i1	4	0	18	0	16	69
TRINITY_DN144267_c4_g1_i1	2	0	0	0	0	1
TRINITY_DN132585_c0_g1_i1	0	0	2	43	0	1
TRINITY_DN130907_c0_g2_i1	2	0	0	0	0	1
TRINITY_DN145064_c0_g1_i3	4	0	1	0	0	0
TRINITY_DN141451_c4_g1_i4	0	0	5	3	0	2
TRINITY_DN135261_c1_g5_i1	0	0	6	2	0	3
TRINITY_DN144717_c1_g1_i2	14	0	0	0	0	1
TRINITY_DN145367_c3_g1_i1	8	0	0	0	15	49
TRINITY_DN144675_c1_g1_i1	12	0	0	14	0	0
TRINITY_DN135709_c2_g1_i8	0	41	2	10	0	0
TRINITY_DN33165_c3_g1_i2	26	30	4	388	10	7
TRINITY_DN143876_c11_g4_i1	53	0	2	0	0	53
TRINITY_DN145777_c2_g1_i4	63	20	11	295	0	574
TRINITY_DN142163_c0_g1_i1	32	0	0	0	13	0
TRINITY_DN145797_c2_g1_i3	8	0	0	51	0	21
TRINITY_DN140769_c0_g2_i3	0	0	0	3	0	1
TRINITY_DN139499_c3_g2_i1	1	0	0	0	0	1
TRINITY_DN143889_c2_g6_i1	0	0	2	5	0	1
TRINITY_DN125713_c2_g1_i1	1	0	5	2	0	0
TRINITY_DN131161_c3_g1_i1	8	0	0	0	21	0
TRINITY_DN143770_c3_g1_i1	0	0	1	0	3	0
TRINITY_DN144720_c1_g1_i6	1	0	1	0	0	0
TRINITY_DN145209_c1_g1_i7	8	0	4	0	0	0
TRINITY_DN145613_c33_g3_i2	2	0	6	0	46	2
TRINITY_DN142489_c4_g1_i4	0	7	1	0	0	1
TRINITY_DN144240_c11_g1_i2	1	0	2	0	0	0
TRINITY_DN141324_c4_g5_i2	1	0	0	0	0	1
TRINITY_DN144408_c0_g4_i1	0	95	1	3	0	3
TRINITY_DN144746_c3_g2_i1	0	0	5	0	35	0
TRINITY_DN145830_c12_g5_i5	1	0	4	2	0	2
TRINITY_DN145473_c2_g1_i6	0	0	3	4	0	0
TRINITY_DN145418_c1_g1_i2	22	22	2	0	0	0
TRINITY_DN142862_c0_g1_i1	49	51	1	0	174	2
TRINITY_DN142159_c1_g1_i2	0	0	2	2	0	0
TRINITY_DN137350_c1_g1_i5	1	7	0	0	0	3
TRINITY_DN143129_c0_g1_i2	0	0	1	0	0	2
TRINITY_DN139149_c2_g6_i1	26	0	3	0	9	91
TRINITY_DN144057_c3_g1_i6	3	0	1	2	0	0
TRINITY_DN143202_c12_g7_i2	16	5	46	118	88	183
TRINITY_DN143091_c2_g2_i1	0	0	2	0	0	8
TRINITY_DN134571_c44_g1_i4	161	215	250	1	152	105
TRINITY_DN138514_c1_g1_i11	1	0	1	0	0	0
TRINITY_DN141347_c5_g1_i1	0	0	3	0	0	4
TRINITY_DN137750_c4_g3_i3	2	0	1	283	0	0
TRINITY_DN139544_c2_g7_i3	1	0	6	10	0	4
TRINITY_DN141146_c7_g1_i1	0	0	0	0	2	1
TRINITY_DN143516_c8_g1_i1	4	0	6	0	7	22
TRINITY_DN140626_c8_g3_i1	1	0	1	0	0	0
TRINITY_DN141756_c0_g1_i3	0	0	4	8	0	5
TRINITY_DN134701_c0_g2_i1	0	0	1	0	2	0
TRINITY_DN143020_c3_g1_i1	5	28	0	0	0	1
TRINITY_DN142636_c6_g1_i8	4	0	0	4	0	4
TRINITY_DN145261_c61_g1_i2	586	0	7	1	145	2084
TRINITY_DN144561_c9_g7_i1	34	0	10	0	0	320
TRINITY_DN611602_c3_g1_i1	0	0	3	28	0	0
TRINITY_DN137050_c3_g1_i1	0	0	0	0	12	8
TRINITY_DN1090454_c0_g1_i1	1	0	0	0	0	1
TRINITY_DN143683_c0_g1_i8	3	0	4	0	0	0
TRINITY_DN142178_c2_g1_i4	7	0	0	6	0	5
TRINITY_DN145551_c2_g2_i1	6	0	127	0	89	2
TRINITY_DN142485_c6_g9_i2	7	0	16	0	0	17
TRINITY_DN142635_c3_g2_i15	2	0	1	0	0	1
TRINITY_DN140907_c2_g2_i10	0	0	1	0	0	2
TRINITY_DN141648_c3_g2_i4	0	0	0	12	0	1
TRINITY_DN137525_c2_g3_i1	6	0	2	144	0	0
TRINITY_DN140995_c5_g1_i2	16	0	0	0	0	5
TRINITY_DN144137_c0_g1_i1	0	0	0	0	0	4
TRINITY_DN139697_c1_g4_i1	0	57	4	0	0	1
TRINITY_DN143926_c4_g2_i1	1	0	2	0	0	0
TRINITY_DN139333_c4_g6_i1	0	7	1	8	0	0
TRINITY_DN612476_c4_g1_i1	2	2	5	1	0	75
TRINITY_DN145617_c0_g1_i14	37	0	0	38	0	1
TRINITY_DN140952_c1_g1_i1	5	0	2	0	0	0
TRINITY_DN143840_c5_g4_i3	17	0	2	0	0	4
TRINITY_DN136312_c3_g1_i17	1	0	0	0	0	6
TRINITY_DN139880_c0_g1_i1	0	15	1	0	0	3
TRINITY_DN140459_c0_g1_i3	0	5	0	15	0	1
TRINITY_DN143163_c3_g1_i8	3	1	0	62	0	27
TRINITY_DN144913_c2_g2_i7	0	0	4	2	0	4
TRINITY_DN139465_c2_g6_i1	1	0	0	0	0	2
TRINITY_DN142095_c4_g5_i1	0	0	2	0	0	1
TRINITY_DN139557_c0_g2_i4	0	0	1	6	0	3
TRINITY_DN143494_c13_g6_i1	0	34	5	0	13	3
TRINITY_DN129949_c0_g1_i3	1	0	0	1	0	1
TRINITY_DN139477_c2_g1_i3	0	0	3	22	0	4
TRINITY_DN141391_c4_g1_i1	1	0	0	0	0	9
TRINITY_DN140531_c0_g1_i2	6	0	0	4	0	1
TRINITY_DN145637_c3_g1_i1	46	0	0	0	4	0
TRINITY_DN138922_c0_g2_i6	2	0	0	0	1	0
TRINITY_DN141348_c4_g1_i1	14	0	0	0	0	21
TRINITY_DN139212_c13_g4_i1	0	105	22	2	0	0
TRINITY_DN139776_c3_g7_i1	1	0	8	0	0	0
TRINITY_DN143526_c2_g1_i11	0	0	1	0	0	3
TRINITY_DN143588_c6_g5_i1	1	0	8	0	0	6
TRINITY_DN145330_c0_g1_i15	6	0	0	350	0	1
TRINITY_DN133194_c0_g4_i1	0	0	1	0	0	1
TRINITY_DN136603_c6_g1_i2	8	1	0	0	0	3
TRINITY_DN136810_c1_g3_i7	1	0	1	0	0	11
TRINITY_DN141118_c0_g2_i3	0	0	3	0	1	0
TRINITY_DN132925_c0_g1_i2	1	0	0	1	0	1
TRINITY_DN142228_c6_g1_i2	77	0	5	1011	2	13
TRINITY_DN137491_c0_g1_i4	0	0	1	0	0	1
TRINITY_DN125192_c2_g1_i1	0	0	0	1	0	29
TRINITY_DN138237_c9_g2_i2	0	0	0	1	0	1
TRINITY_DN144123_c1_g1_i7	0	0	1	60	0	24
TRINITY_DN142388_c3_g1_i9	2	0	0	0	0	7
TRINITY_DN131424_c0_g1_i4	0	0	0	3	0	1
TRINITY_DN145366_c17_g1_i3	1	0	0	1	0	1
TRINITY_DN144672_c0_g1_i1	9	3	3	8	0	1
TRINITY_DN135313_c0_g1_i2	14	0	0	0	0	7
TRINITY_DN136211_c3_g2_i5	1	0	0	3	0	1
TRINITY_DN142871_c2_g1_i2	1	0	1	0	0	2
TRINITY_DN615266_c1_g1_i1	0	0	0	0	24	1
TRINITY_DN136587_c2_g1_i5	0	0	2	8	5	2
TRINITY_DN145581_c18_g6_i2	895	31	34	1411	5	919
TRINITY_DN144175_c1_g1_i8	0	1	2	0	0	0
TRINITY_DN142559_c5_g2_i1	0	0	12	9	0	10
TRINITY_DN141725_c1_g1_i8	4	0	1	0	9	4
TRINITY_DN139794_c5_g1_i2	1	0	0	0	10	0
TRINITY_DN142128_c2_g1_i1	1	0	0	0	0	1
TRINITY_DN145421_c1_g1_i6	1	3	4	3	0	0
TRINITY_DN140774_c3_g3_i2	0	0	0	7	11	0
TRINITY_DN135567_c0_g3_i1	0	23	0	0	0	3
TRINITY_DN92149_c2_g3_i1	1	0	1	0	0	3
TRINITY_DN145578_c17_g4_i1	1	0	0	0	155	0
TRINITY_DN137810_c0_g1_i1	0	0	2	0	0	5
TRINITY_DN144815_c4_g1_i6	8	0	0	0	0	5
TRINITY_DN143149_c4_g1_i5	3	0	0	0	0	4
TRINITY_DN145300_c5_g1_i6	488	69	0	1	10	49
TRINITY_DN135733_c3_g1_i1	1	0	0	0	0	1
TRINITY_DN145553_c5_g2_i2	96	0	0	0	0	47
TRINITY_DN138210_c4_g3_i2	1	0	0	0	0	1
TRINITY_DN136209_c2_g2_i1	0	0	1	1	0	0
TRINITY_DN145485_c4_g2_i1	1	0	1	3	0	0
TRINITY_DN139123_c4_g2_i1	0	21	6	0	0	13
TRINITY_DN142591_c7_g1_i1	0	0	1	7	0	1
TRINITY_DN136500_c0_g1_i4	0	0	1	9	0	1
TRINITY_DN140488_c3_g1_i1	1	0	2	2	0	1
TRINITY_DN1090337_c2_g1_i1	0	81	1	0	0	1
TRINITY_DN139034_c0_g2_i3	0	0	0	11	0	1
TRINITY_DN141668_c4_g1_i6	1	0	1	0	0	0
TRINITY_DN145772_c1_g1_i3	2	0	5	8	0	2
TRINITY_DN135978_c4_g1_i1	0	2	2	0	0	5
TRINITY_DN135774_c6_g6_i1	9	11	0	24	0	0
TRINITY_DN136346_c15_g3_i5	0	10	2	1	0	2
TRINITY_DN144266_c6_g1_i2	1	3	0	0	0	0
TRINITY_DN142381_c1_g2_i6	0	0	1	8	0	0
TRINITY_DN144640_c17_g5_i3	0	0	18	2	30	0
TRINITY_DN141702_c1_g2_i1	2	0	3	1	0	1
TRINITY_DN141391_c4_g1_i4	1	0	0	19	0	0
TRINITY_DN144666_c2_g2_i1	1	83	1	3	0	0
TRINITY_DN130848_c1_g1_i1	0	0	0	3	0	1
TRINITY_DN143969_c2_g1_i8	1	1	4	0	0	9
TRINITY_DN144021_c5_g3_i2	232	0	128	877	0	2
TRINITY_DN142739_c1_g1_i1	10	0	0	0	7	73
TRINITY_DN383839_c3_g1_i1	4	89	0	0	0	1
TRINITY_DN144172_c1_g1_i2	30	0	0	0	641	0
TRINITY_DN142761_c18_g1_i4	0	9	0	50	67	20
TRINITY_DN135177_c1_g2_i1	1	0	1	0	0	15
TRINITY_DN130174_c0_g1_i1	2	0	1	0	0	1
TRINITY_DN140481_c3_g1_i1	18	0	4	45	0	13
TRINITY_DN140723_c0_g1_i4	4	0	1	4	0	0
TRINITY_DN133479_c0_g1_i1	1	0	0	3	0	2
TRINITY_DN117410_c2_g3_i2	18	0	37	90	0	0
TRINITY_DN142184_c4_g2_i1	7	54	1	98	0	0
TRINITY_DN138597_c2_g3_i1	0	0	1	0	0	2
TRINITY_DN145714_c3_g1_i5	1	0	0	0	0	0
TRINITY_DN142922_c7_g5_i2	1	0	1	16	0	0
TRINITY_DN137852_c3_g1_i1	0	0	4	0	0	5
TRINITY_DN144942_c3_g3_i1	1	0	1	1	0	0
TRINITY_DN139581_c6_g1_i2	3	2	0	17	0	0
TRINITY_DN139837_c0_g3_i1	1	0	3	0	0	2
TRINITY_DN143064_c2_g1_i1	1	0	17	5	0	0
TRINITY_DN140525_c3_g1_i5	0	0	0	1	0	0
TRINITY_DN141269_c5_g2_i1	7	0	0	0	67	0
TRINITY_DN143289_c4_g4_i2	1	0	0	1	0	0
TRINITY_DN141259_c3_g3_i2	2	0	0	0	0	4
TRINITY_DN144288_c1_g1_i1	15	0	0	1963	0	1
TRINITY_DN139094_c2_g1_i1	1	0	1	0	0	0
TRINITY_DN144386_c0_g1_i4	19	0	0	14	0	0
TRINITY_DN132978_c2_g1_i3	0	6	0	4	0	2
TRINITY_DN137913_c1_g1_i1	1	0	3	3	0	0
TRINITY_DN144422_c2_g1_i2	0	0	0	1	4	0
TRINITY_DN142511_c2_g2_i11	0	0	1	2	0	1
TRINITY_DN140097_c2_g1_i3	1	61	5	15	0	2
TRINITY_DN139324_c0_g2_i5	1	0	0	2	0	5
TRINITY_DN144005_c3_g2_i1	0	53	6	0	0	2
TRINITY_DN76087_c2_g1_i1	6	0	20	103	0	63
TRINITY_DN141414_c2_g3_i1	1	0	5	3	0	4
TRINITY_DN145462_c0_g1_i9	13	1	2	22	1	28
TRINITY_DN144165_c1_g1_i7	0	0	3	0	0	0
TRINITY_DN143841_c3_g1_i3	0	0	5	79	0	1
TRINITY_DN135581_c0_g1_i1	1	0	0	4	0	1
TRINITY_DN142652_c0_g1_i1	4	0	0	0	0	2
TRINITY_DN133642_c0_g1_i3	0	0	2	2	0	0
TRINITY_DN142382_c5_g2_i1	1	0	4	0	0	0
TRINITY_DN144699_c8_g1_i1	1	0	0	6	0	13
TRINITY_DN136380_c1_g1_i3	0	0	0	0	1	0
TRINITY_DN141449_c3_g4_i1	0	0	2	4	0	1
TRINITY_DN143094_c2_g2_i1	0	0	0	1	0	6
TRINITY_DN145419_c1_g1_i2	2	4	1	47	0	0
TRINITY_DN145036_c19_g2_i3	44	326	12	8276	30	38
TRINITY_DN144368_c1_g1_i5	0	0	0	3	0	2
TRINITY_DN612741_c0_g1_i1	47	0	4	1	1	1
TRINITY_DN141435_c3_g1_i2	3	0	0	0	0	1
TRINITY_DN144360_c2_g1_i2	0	0	0	9	0	2
TRINITY_DN132584_c0_g1_i1	0	0	1	0	0	19
TRINITY_DN137505_c3_g1_i2	0	0	1	0	0	5
TRINITY_DN145682_c12_g1_i1	0	0	21	0	0	1
TRINITY_DN145229_c6_g2_i6	0	0	5	2	0	0
TRINITY_DN143907_c11_g2_i9	2	0	2	0	0	4
TRINITY_DN136264_c1_g1_i1	3	0	0	1	34	0
TRINITY_DN142814_c2_g2_i4	1	0	23	12	0	34
TRINITY_DN143552_c3_g1_i3	1	0	0	3	0	0
TRINITY_DN143417_c6_g1_i1	17	14	11	0	0	211
TRINITY_DN143895_c0_g1_i3	0	0	2	0	0	15
TRINITY_DN141195_c4_g1_i1	1	0	0	2	18	0
TRINITY_DN144240_c12_g1_i1	0	0	14	31	0	0
TRINITY_DN141994_c15_g1_i6	4	32	0	8	0	3
TRINITY_DN143119_c4_g2_i2	6	0	16	0	0	6
TRINITY_DN143487_c2_g1_i3	2	0	1	1	0	0
TRINITY_DN137397_c4_g2_i1	0	0	0	39	0	2
TRINITY_DN140418_c1_g5_i3	0	0	2	1	0	2
TRINITY_DN144986_c2_g1_i2	0	145	0	44	0	0
TRINITY_DN137332_c1_g1_i2	0	7	2	0	0	0
TRINITY_DN137434_c8_g1_i3	1	0	0	3	0	0
TRINITY_DN136355_c2_g1_i2	1	0	0	0	0	1
TRINITY_DN142655_c6_g9_i2	4	0	11	0	0	2
TRINITY_DN139765_c1_g2_i3	0	0	1	1	0	3
TRINITY_DN143972_c0_g1_i1	0	0	1	5	0	0
TRINITY_DN135697_c0_g2_i1	0	0	6	2	0	2
TRINITY_DN140925_c1_g1_i3	2	0	0	1	0	0
TRINITY_DN145062_c3_g1_i3	0	0	0	14	0	16
TRINITY_DN142402_c3_g5_i2	12	0	4	0	0	28
TRINITY_DN145366_c17_g1_i5	2	88	16	7	7	0
TRINITY_DN142802_c1_g1_i1	1	0	0	0	0	5
TRINITY_DN144268_c3_g1_i1	10	0	0	0	0	64
TRINITY_DN145360_c4_g1_i1	6	4	0	13	0	182
TRINITY_DN131022_c2_g1_i1	0	0	1	46	0	2
TRINITY_DN118620_c1_g2_i1	0	0	1	0	0	2
TRINITY_DN131100_c0_g1_i5	0	0	0	3	0	4
TRINITY_DN137758_c1_g1_i4	0	0	1	1	0	1
TRINITY_DN143867_c81_g1_i3	2	0	9	16	0	2
TRINITY_DN144381_c4_g1_i4	6	0	0	233	0	0
TRINITY_DN136743_c2_g2_i3	0	0	2	2	0	1
TRINITY_DN137957_c1_g1_i2	0	9	1	1	0	0
TRINITY_DN142927_c7_g5_i2	26	0	0	0	0	13
TRINITY_DN145547_c6_g1_i1	13	0	15	1616	0	200
TRINITY_DN136208_c1_g5_i1	2	0	0	1	0	1
TRINITY_DN145261_c61_g1_i4	1	0	94	0	22	14
TRINITY_DN141980_c4_g1_i2	4	0	3	0	0	2
TRINITY_DN142450_c10_g1_i1	2	0	0	0	0	2
TRINITY_DN143221_c1_g1_i2	59	0	0	0	0	22
TRINITY_DN136876_c0_g1_i1	0	0	1	2	0	1
TRINITY_DN144421_c2_g1_i1	8	0	0	1236	0	1
TRINITY_DN145548_c1_g1_i5	4	0	1	0	0	0
TRINITY_DN142724_c1_g1_i1	0	0	26	4	0	2
TRINITY_DN141127_c0_g3_i2	0	0	1	1	0	0
TRINITY_DN145229_c6_g2_i1	1	0	0	1	0	0
TRINITY_DN142927_c5_g5_i1	0	0	1	0	11	3
TRINITY_DN141716_c7_g2_i1	10	129	4	70	0	1
TRINITY_DN139616_c3_g1_i2	0	0	2	0	4	1
TRINITY_DN138210_c4_g3_i1	0	0	0	2	0	1
TRINITY_DN143035_c3_g7_i2	29	0	10	0	43	2
TRINITY_DN141742_c3_g3_i6	0	0	1	0	0	1
TRINITY_DN106742_c0_g1_i1	3	0	0	0	48	0
TRINITY_DN143313_c0_g1_i1	0	54	4	0	0	0
TRINITY_DN140887_c0_g2_i3	2	0	0	3	0	0
TRINITY_DN142402_c3_g2_i4	0	0	1	0	0	72
TRINITY_DN144694_c1_g1_i3	0	0	6	117	0	0
TRINITY_DN143050_c3_g1_i3	0	0	4	10	0	2
TRINITY_DN143948_c6_g3_i1	0	4	3	0	0	3
TRINITY_DN145078_c0_g1_i1	1	0	1	0	0	3
TRINITY_DN143619_c1_g1_i4	2	0	0	0	0	4
TRINITY_DN136847_c3_g2_i1	0	0	0	0	0	1
TRINITY_DN138366_c4_g7_i1	0	0	1	0	0	4
TRINITY_DN134843_c0_g1_i3	2	0	1	1	0	0
TRINITY_DN145422_c2_g1_i16	298	6	26	20	19	441
TRINITY_DN137041_c0_g3_i3	1	0	0	0	1	0
TRINITY_DN137848_c3_g1_i2	0	0	0	0	0	2
TRINITY_DN145050_c1_g1_i3	394	49	1	0	17	2
TRINITY_DN143817_c3_g3_i2	1	0	0	1	0	1
TRINITY_DN141476_c1_g6_i1	2	0	0	0	15	0
TRINITY_DN138679_c3_g2_i11	0	0	0	8	0	2
TRINITY_DN144978_c2_g1_i4	14	118	0	0	64	0
TRINITY_DN142622_c3_g1_i7	1	0	0	11	0	0
TRINITY_DN141180_c8_g2_i1	3	0	0	0	3	0
TRINITY_DN143354_c2_g1_i3	0	0	1	4	0	0
TRINITY_DN144494_c0_g1_i4	148	0	0	0	0	6
TRINITY_DN140954_c1_g1_i3	0	1	0	8	0	0
TRINITY_DN138733_c6_g4_i2	1	0	2	1	0	0
TRINITY_DN144030_c5_g1_i4	31	0	11	128	0	22
TRINITY_DN144012_c4_g2_i4	0	3	12	0	0	5
TRINITY_DN139212_c13_g2_i11	1	0	3	0	0	8
TRINITY_DN144815_c4_g1_i5	8	0	0	79	0	4
TRINITY_DN140755_c13_g1_i1	2	0	1	0	0	0
TRINITY_DN73903_c1_g1_i1	0	39	1	0	0	1
TRINITY_DN138874_c2_g3_i1	1	0	0	2	0	1
TRINITY_DN142205_c5_g1_i7	0	29	0	1	0	1
TRINITY_DN137715_c8_g1_i1	0	4	29	2	0	1
TRINITY_DN141994_c15_g1_i7	29	12	0	2	0	1
TRINITY_DN144708_c3_g1_i7	0	0	2	9	0	2
TRINITY_DN142115_c6_g1_i3	1	0	1	0	31	0
TRINITY_DN135610_c0_g2_i1	2	0	1	0	0	7
TRINITY_DN143018_c39_g5_i3	0	320	65	0	1030	514
TRINITY_DN145291_c1_g1_i22	4	0	0	135	0	4
TRINITY_DN135950_c1_g2_i1	7	0	0	0	0	16
TRINITY_DN140382_c0_g1_i1	0	2	0	6	7	5
TRINITY_DN144778_c2_g1_i8	1	0	0	1	0	0
TRINITY_DN143026_c6_g8_i1	1	0	4	0	7	0
TRINITY_DN140287_c0_g1_i2	0	4	1	3	0	3
TRINITY_DN134530_c0_g4_i1	1	0	1	3	0	1
TRINITY_DN145506_c2_g2_i9	9	0	103	49	0	9
TRINITY_DN141310_c4_g1_i3	0	0	0	0	45	1
TRINITY_DN142687_c2_g1_i3	1	0	1	7	0	0
TRINITY_DN137108_c4_g3_i3	0	0	1	14	0	3
TRINITY_DN139153_c3_g5_i3	0	0	0	151	0	2
TRINITY_DN128945_c0_g2_i1	1	0	3	9	0	0
TRINITY_DN139759_c4_g2_i2	1	0	0	0	0	1
TRINITY_DN144111_c6_g2_i3	0	0	1	0	11	2
TRINITY_DN141599_c1_g3_i2	0	8	3	0	0	2
TRINITY_DN144868_c24_g1_i1	54	0	0	0	6	54
TRINITY_DN138631_c0_g4_i2	5	0	0	7	0	2
TRINITY_DN142733_c1_g1_i5	1	0	0	11	0	0
TRINITY_DN142707_c1_g1_i1	10	0	0	0	0	13
TRINITY_DN141159_c10_g1_i1	0	0	1	1	0	2
TRINITY_DN135938_c0_g1_i24	1	0	0	0	0	9
TRINITY_DN143963_c2_g1_i2	1	0	0	2	0	4
TRINITY_DN140714_c1_g2_i12	2	2	0	0	0	0
TRINITY_DN138188_c0_g1_i10	1	0	0	1	0	1
TRINITY_DN136357_c2_g1_i1	1	0	0	1	0	3
TRINITY_DN136815_c0_g1_i2	0	0	1	0	3	0
TRINITY_DN144108_c0_g1_i1	4	0	4	0	165	2
TRINITY_DN142267_c2_g1_i5	0	0	0	1	0	20
TRINITY_DN144206_c3_g1_i2	0	0	0	1	0	1
TRINITY_DN138106_c0_g1_i1	1	1	0	2	0	0
TRINITY_DN144469_c1_g1_i1	6	1	24	64	0	9
TRINITY_DN145547_c13_g2_i7	5	0	0	0	0	9
TRINITY_DN147224_c4_g2_i1	5	0	0	0	60	0
TRINITY_DN143145_c1_g1_i1	0	1	0	0	0	10
TRINITY_DN145401_c1_g1_i1	27	0	0	31	0	0
TRINITY_DN136814_c3_g2_i1	1	0	0	7	0	0
TRINITY_DN126748_c0_g1_i1	0	0	1	1	0	1
TRINITY_DN135735_c2_g1_i4	0	9	0	6	0	1
TRINITY_DN141326_c2_g2_i6	11	0	1	88	0	5
TRINITY_DN138681_c7_g1_i1	5	0	0	0	57	2
TRINITY_DN145547_c13_g2_i4	1	0	0	1	0	6
TRINITY_DN139143_c5_g2_i1	0	0	0	3	0	8
TRINITY_DN134643_c0_g1_i1	0	0	0	10	0	1
TRINITY_DN136269_c9_g1_i3	1	0	0	0	4	0
TRINITY_DN142592_c1_g3_i3	1	0	0	0	0	1
TRINITY_DN139257_c4_g3_i4	3	0	1	0	0	16
TRINITY_DN144594_c21_g1_i1	0	1	17	8	0	5
TRINITY_DN144594_c26_g2_i2	0	0	1	0	0	1
TRINITY_DN132674_c0_g1_i1	1	0	0	9	0	1
TRINITY_DN142299_c3_g1_i1	45	0	0	0	0	19
TRINITY_DN398709_c0_g1_i1	1	0	0	0	0	7
TRINITY_DN137385_c7_g1_i4	1	0	0	0	0	5
TRINITY_DN145049_c1_g1_i5	4	2	0	0	0	8
TRINITY_DN147836_c1_g1_i1	66	6	10	0	0	6
TRINITY_DN144266_c8_g1_i2	10	4	0	156	0	6
TRINITY_DN145355_c1_g1_i3	2	0	27	0	0	15
TRINITY_DN138350_c4_g1_i10	0	0	2	2	0	1
TRINITY_DN138177_c0_g2_i1	0	0	0	0	1	7
TRINITY_DN145733_c3_g1_i1	2	0	5	0	0	170
TRINITY_DN145811_c0_g1_i11	3	0	0	0	0	1
TRINITY_DN137250_c0_g1_i2	1	0	0	0	0	7
TRINITY_DN143379_c0_g1_i1	39	0	1	38	0	18
TRINITY_DN145429_c4_g2_i5	4	0	0	0	0	25
TRINITY_DN144267_c6_g1_i1	3	0	0	0	0	9
TRINITY_DN140405_c1_g2_i1	1	0	1	5	0	0
TRINITY_DN144001_c5_g1_i4	0	0	33	0	0	4
TRINITY_DN139095_c1_g1_i1	0	0	1	0	0	1
TRINITY_DN141615_c4_g5_i1	0	0	5	1	0	1
TRINITY_DN143613_c1_g2_i4	0	0	3	1	0	0
TRINITY_DN137441_c0_g1_i1	2	0	0	1	0	1
TRINITY_DN144184_c4_g1_i9	2	0	0	0	0	89
TRINITY_DN133238_c0_g3_i1	1	0	0	0	0	1
TRINITY_DN139803_c0_g1_i5	2	0	3	18	0	1
TRINITY_DN140858_c1_g1_i2	0	0	3	5	0	2
TRINITY_DN143156_c8_g1_i3	2	0	7	1	0	18
TRINITY_DN142745_c0_g9_i3	0	0	3	1	0	2
TRINITY_DN134837_c0_g1_i4	1	0	0	0	0	1
TRINITY_DN143782_c1_g1_i4	0	0	5	17	0	4
TRINITY_DN137302_c4_g1_i2	0	0	6	0	0	4
TRINITY_DN142875_c3_g5_i1	0	0	0	0	0	1
TRINITY_DN136635_c1_g3_i1	2	0	0	0	48	0
TRINITY_DN142877_c1_g6_i1	1	0	0	1	0	1
TRINITY_DN124152_c0_g1_i1	1	0	0	1	0	0
TRINITY_DN141448_c2_g1_i4	2	0	4	35	0	0
TRINITY_DN137610_c3_g1_i3	13	0	0	0	0	13
TRINITY_DN143018_c49_g12_i1	0	0	0	0	1	58
TRINITY_DN144958_c4_g1_i1	1	0	34	5	0	0
TRINITY_DN137415_c0_g2_i2	0	0	1	2	0	1
TRINITY_DN139946_c5_g3_i3	0	0	1	0	0	3
TRINITY_DN143229_c6_g1_i2	13	0	2	0	0	21
TRINITY_DN141728_c1_g3_i3	0	0	5	3	0	3
TRINITY_DN142405_c1_g1_i4	3	0	0	33	0	2
TRINITY_DN141179_c1_g5_i1	0	80	1	1	0	0
TRINITY_DN142255_c2_g2_i1	0	30	4	0	0	28
TRINITY_DN144584_c14_g1_i1	2	0	0	0	0	95
TRINITY_DN138500_c1_g3_i3	2	0	1	0	19	4
TRINITY_DN144381_c4_g1_i1	26	0	1	64	0	0
TRINITY_DN141327_c3_g1_i13	0	0	3	4	0	2
TRINITY_DN142099_c2_g2_i2	1	0	3	10	0	0
TRINITY_DN143564_c5_g1_i2	0	0	3	0	0	2
TRINITY_DN146162_c2_g1_i1	0	0	12	3	0	2
TRINITY_DN145801_c2_g2_i2	4	0	0	0	0	7
TRINITY_DN128540_c0_g1_i3	2	0	0	0	1	0
TRINITY_DN144071_c5_g1_i5	1	0	14	0	0	1
TRINITY_DN138195_c0_g1_i3	1	0	7	0	0	1
TRINITY_DN135479_c1_g1_i2	1	0	2	0	0	0
TRINITY_DN145252_c4_g1_i3	0	0	1	6	0	1
TRINITY_DN145434_c4_g2_i3	1	0	1	0	0	1
TRINITY_DN130252_c0_g2_i1	1	0	0	0	0	1
TRINITY_DN138948_c2_g1_i10	0	0	1	0	0	6
TRINITY_DN137096_c2_g1_i1	1	0	1	0	0	1
TRINITY_DN138985_c10_g3_i3	0	0	20	6	0	6
TRINITY_DN137527_c3_g1_i16	0	0	3	4	0	1
TRINITY_DN143191_c4_g1_i1	0	0	28	0	0	2
TRINITY_DN143883_c1_g1_i2	1	0	0	1	0	1
TRINITY_DN142286_c3_g3_i3	228	0	0	0	0	1
TRINITY_DN138067_c2_g1_i2	1	0	1	0	2	0
TRINITY_DN1311488_c6_g1_i1	0	0	39	1	0	0
TRINITY_DN136449_c5_g2_i2	4	0	0	1	17	0
TRINITY_DN145076_c1_g2_i5	2	0	2	0	0	0
TRINITY_DN143532_c25_g1_i1	31	78	4	0	41	95
TRINITY_DN1091560_c0_g2_i1	17	0	3	0	0	2
TRINITY_DN141524_c1_g1_i1	0	0	1	13	0	1
TRINITY_DN135197_c0_g3_i1	1	20	1	7	0	0
TRINITY_DN143901_c2_g1_i9	359	0	0	0	9	2
TRINITY_DN144142_c2_g1_i5	6	0	1	0	0	1
TRINITY_DN145285_c6_g2_i1	6	267	11	0	0	7
TRINITY_DN145786_c1_g1_i4	53	1	0	0	0	33
TRINITY_DN143011_c3_g3_i5	0	0	4	4	0	5
TRINITY_DN144763_c6_g1_i2	8	0	0	0	0	5
TRINITY_DN136506_c3_g5_i4	1	0	4	4	0	1
TRINITY_DN144797_c1_g1_i1	0	0	1	1	0	2
TRINITY_DN137965_c6_g4_i4	1	0	1	0	0	1
TRINITY_DN135274_c1_g1_i1	6	0	1	0	0	7
TRINITY_DN144616_c7_g3_i7	5	1	32	0	0	26
TRINITY_DN143485_c4_g1_i6	3	0	0	1	0	1
TRINITY_DN144451_c2_g6_i1	1	0	6	0	0	1
TRINITY_DN139539_c6_g2_i2	1	0	1	0	0	0
TRINITY_DN144995_c3_g1_i1	0	0	1	0	0	4
TRINITY_DN610131_c0_g2_i2	1	0	0	0	0	16
TRINITY_DN141225_c2_g1_i3	1	0	1	8	0	0
TRINITY_DN136899_c1_g3_i1	1	0	0	0	2	0
TRINITY_DN132193_c2_g1_i1	1	0	0	0	1	0
TRINITY_DN140557_c6_g6_i1	0	0	1	0	0	2
TRINITY_DN138062_c5_g1_i13	0	9	1	0	0	0
TRINITY_DN145277_c0_g1_i5	0	0	0	0	0	3
TRINITY_DN134959_c1_g1_i1	1	0	0	0	0	1
TRINITY_DN143060_c6_g1_i2	0	0	2	0	4	6
TRINITY_DN142041_c4_g4_i6	0	0	1	2	0	1
TRINITY_DN141429_c0_g1_i3	0	0	1	0	0	1
TRINITY_DN140498_c0_g1_i2	0	0	0	3	0	1
TRINITY_DN143757_c1_g1_i2	0	18	1	0	0	0
TRINITY_DN615414_c0_g1_i1	1	0	0	194	0	10
TRINITY_DN145082_c2_g1_i7	2	0	0	177	0	10
TRINITY_DN140278_c0_g1_i2	3	4	0	0	0	0
TRINITY_DN139856_c5_g3_i1	0	0	0	2	0	3
TRINITY_DN140506_c0_g4_i1	0	0	2	1	1	0
TRINITY_DN142344_c4_g1_i3	6	0	0	0	0	5
TRINITY_DN144555_c1_g2_i3	0	0	2	0	0	1
TRINITY_DN141279_c11_g2_i2	0	34	2	0	0	0
TRINITY_DN141654_c8_g3_i2	0	0	2	0	0	3
TRINITY_DN139021_c5_g1_i1	0	0	2	0	0	1
TRINITY_DN141885_c0_g1_i1	16	63	3	177	0	13
TRINITY_DN141391_c4_g1_i11	4	0	0	17	0	8
TRINITY_DN141803_c15_g2_i2	3	0	2	0	0	0
TRINITY_DN142436_c4_g1_i2	2	0	0	0	0	1
TRINITY_DN145723_c3_g2_i1	114	0	1	2	0	56
TRINITY_DN136486_c5_g1_i11	1	0	0	1	0	1
TRINITY_DN137797_c3_g8_i1	0	0	2	0	0	3
TRINITY_DN143173_c7_g3_i1	7	0	0	14	0	6
TRINITY_DN135251_c5_g7_i1	0	0	0	0	9	11
TRINITY_DN145475_c3_g1_i9	0	0	0	0	0	2
TRINITY_DN143867_c81_g1_i4	105	117	46	1114	1	97
TRINITY_DN142264_c2_g2_i5	0	0	3	0	54	1
TRINITY_DN610386_c1_g1_i1	114	0	0	0	0	31
TRINITY_DN143475_c0_g1_i2	3	0	1	26	0	0
TRINITY_DN126550_c1_g1_i1	1	0	0	2	0	1
TRINITY_DN141167_c2_g4_i6	0	0	1	10	0	4
TRINITY_DN137258_c5_g1_i6	9	21	1	0	0	28
TRINITY_DN144738_c0_g1_i1	0	0	1	10	0	2
TRINITY_DN142352_c8_g2_i5	0	0	1	1	0	0
TRINITY_DN141937_c0_g2_i3	1	0	3	0	0	4
TRINITY_DN130130_c0_g2_i1	0	0	5	1	0	0
TRINITY_DN143015_c0_g2_i2	7	0	0	0	0	3
TRINITY_DN143036_c3_g1_i1	8	0	1	14	2	6
TRINITY_DN137217_c0_g1_i2	0	0	2	1	0	7
TRINITY_DN140720_c2_g2_i2	1	3	2	0	0	32
TRINITY_DN140490_c1_g11_i1	1	0	0	0	6	0
TRINITY_DN136705_c0_g1_i4	0	0	1	0	0	1
TRINITY_DN140329_c1_g1_i1	4	2	10	14	0	2
TRINITY_DN143846_c4_g1_i1	0	0	0	10	0	1
TRINITY_DN145310_c4_g6_i1	1	0	12	0	0	1
TRINITY_DN140715_c0_g4_i3	0	0	3	4	0	2
TRINITY_DN144154_c23_g11_i1	2	63	85	0	0	198
TRINITY_DN136979_c4_g1_i2	0	1	3	5	0	0
TRINITY_DN145625_c0_g1_i2	6	0	0	0	0	3
TRINITY_DN142438_c3_g3_i2	0	0	4	0	0	2
TRINITY_DN142548_c3_g1_i1	5	0	0	0	0	3
TRINITY_DN136737_c2_g1_i9	1	0	0	0	0	1
TRINITY_DN60060_c0_g9_i1	6	0	56	0	0	20
TRINITY_DN145190_c3_g1_i9	1	0	1	40	0	0
TRINITY_DN144771_c2_g7_i2	33	0	11	0	0	40
TRINITY_DN141049_c8_g2_i1	0	0	1	2	0	2
TRINITY_DN145401_c1_g1_i2	35	0	9	198	0	18
TRINITY_DN141188_c0_g1_i2	0	0	0	0	0	4
TRINITY_DN143764_c0_g2_i2	0	0	3	0	0	2
TRINITY_DN139089_c0_g10_i2	0	0	2	60	0	2
TRINITY_DN144293_c4_g1_i6	0	0	0	5	0	1
TRINITY_DN142345_c1_g1_i1	0	0	0	0	9	1
TRINITY_DN142342_c1_g2_i1	2	69	0	4	0	4
TRINITY_DN135627_c0_g1_i2	0	0	1	1	0	0
TRINITY_DN143018_c39_g5_i2	0	681	0	0	652	60
TRINITY_DN133750_c0_g1_i1	1	0	2	0	0	0
TRINITY_DN144389_c2_g1_i1	7	0	11	0	0	10
TRINITY_DN142693_c0_g2_i3	0	0	9	0	18	3
TRINITY_DN145272_c4_g1_i1	24	0	0	1904	0	9
TRINITY_DN130695_c1_g1_i2	2	0	0	0	19	0
TRINITY_DN141616_c3_g1_i3	0	0	0	52	0	1
TRINITY_DN143196_c5_g2_i3	1	0	4	2	0	0
TRINITY_DN136122_c0_g1_i5	0	0	0	0	0	4
TRINITY_DN136118_c0_g1_i1	2	0	1	0	0	8
TRINITY_DN144746_c5_g1_i1	37	5	38	6	127	8
TRINITY_DN133913_c1_g1_i2	3	0	0	0	0	4
TRINITY_DN137957_c3_g2_i2	0	0	4	1	0	1
TRINITY_DN135926_c1_g1_i1	0	0	2	0	0	1
TRINITY_DN145054_c4_g1_i4	2	0	0	9	0	0
TRINITY_DN136610_c1_g1_i5	1	0	3	1	0	0
TRINITY_DN145137_c2_g1_i6	9	0	0	0	0	71
TRINITY_DN144529_c5_g4_i1	9	0	0	0	0	7
TRINITY_DN145275_c3_g1_i1	1	0	9	1	0	0
TRINITY_DN141054_c1_g2_i1	0	0	1	0	5	0
TRINITY_DN145520_c19_g1_i1	2	0	12	0	0	5
TRINITY_DN132449_c0_g1_i2	2	0	0	3	0	1
TRINITY_DN145546_c6_g1_i2	0	0	5	0	0	1
TRINITY_DN144457_c6_g1_i12	0	102	4	0	0	2
TRINITY_DN140422_c9_g1_i1	0	0	1	0	0	0
TRINITY_DN98570_c1_g1_i1	3	0	0	0	0	1
TRINITY_DN144214_c4_g4_i1	1	3	0	0	0	1
TRINITY_DN145265_c2_g1_i1	1	0	2	0	0	4
TRINITY_DN143656_c3_g4_i11	1	0	3	19	0	0
TRINITY_DN144616_c7_g3_i9	2	0	8	34	0	7
TRINITY_DN145038_c5_g1_i1	3	42	47	0	1	57
TRINITY_DN144973_c0_g1_i1	73	0	0	0	0	6
TRINITY_DN141930_c1_g1_i6	9	0	0	0	27	0
TRINITY_DN136318_c8_g1_i4	10	0	0	0	0	5
TRINITY_DN141869_c0_g1_i1	1	0	0	0	0	2
TRINITY_DN139714_c6_g1_i5	4	0	0	1	0	0
TRINITY_DN1114991_c1_g1_i1	1	0	0	0	0	12
TRINITY_DN145261_c35_g1_i1	0	0	32	0	3	0
TRINITY_DN136198_c0_g3_i1	4	0	1	2	0	7
TRINITY_DN144594_c22_g1_i5	3	0	0	0	15	0
TRINITY_DN145735_c4_g1_i3	30	0	4	0	0	12
TRINITY_DN141245_c4_g1_i5	0	0	0	3	0	1
TRINITY_DN144069_c6_g1_i1	0	10	0	0	0	1
TRINITY_DN141070_c0_g1_i3	1	0	1	17	0	0
TRINITY_DN135446_c0_g1_i1	53	0	2	0	0	0
TRINITY_DN141192_c7_g16_i3	0	1	17	0	15	0
TRINITY_DN142503_c12_g3_i2	7	0	0	0	48	0
TRINITY_DN143065_c1_g1_i4	2	0	1	3	0	2
TRINITY_DN137503_c5_g1_i1	3	0	0	0	89	0
TRINITY_DN143340_c0_g1_i2	2	0	0	14	0	2
TRINITY_DN137811_c4_g3_i2	1	0	0	0	0	0
TRINITY_DN137980_c0_g1_i2	1	0	1	5	0	1
TRINITY_DN140369_c3_g2_i1	0	0	1	0	0	1
TRINITY_DN144738_c1_g2_i2	0	0	0	1	2	5
TRINITY_DN145290_c2_g1_i1	17	24	54	195	0	22
TRINITY_DN142673_c5_g5_i3	0	0	0	5	60	0
TRINITY_DN145542_c9_g2_i1	1	0	0	1	0	1
TRINITY_DN130203_c0_g1_i1	1	0	0	5	0	2
TRINITY_DN141254_c1_g1_i4	1	0	0	0	25	3
TRINITY_DN142938_c0_g1_i3	1	0	2	1	0	2
TRINITY_DN135288_c5_g1_i3	0	0	0	6	0	1
TRINITY_DN137247_c6_g3_i1	0	53	0	1	0	8
TRINITY_DN71929_c2_g1_i4	0	0	1	0	29	0
TRINITY_DN142506_c5_g2_i1	0	0	1	2	0	2
TRINITY_DN138131_c3_g1_i3	0	0	0	3	8	1
TRINITY_DN141522_c1_g9_i1	0	0	1	0	0	1
TRINITY_DN140098_c2_g2_i1	0	0	2	0	0	1
TRINITY_DN143727_c0_g1_i2	0	0	5	2	0	1
TRINITY_DN137190_c0_g1_i3	0	0	2	1	0	1
TRINITY_DN145822_c6_g1_i1	80	804	87	8411	87	326
TRINITY_DN144811_c2_g1_i1	10	0	3	0	0	1
TRINITY_DN614298_c0_g1_i1	1	0	1	0	0	3
TRINITY_DN142636_c6_g1_i1	15	0	0	5	0	5
TRINITY_DN384881_c0_g2_i2	1	0	0	0	22	0
TRINITY_DN140000_c2_g1_i18	0	0	12	6	0	0
TRINITY_DN102902_c0_g1_i1	0	0	0	3	0	1
TRINITY_DN143405_c0_g2_i2	0	0	1	0	0	3
TRINITY_DN142304_c22_g6_i1	0	0	46	3	0	23
TRINITY_DN135995_c3_g1_i10	1	0	0	1	0	1
TRINITY_DN145844_c12_g2_i1	0	0	2	0	0	2
TRINITY_DN136117_c1_g1_i5	1	0	1	0	0	1
TRINITY_DN142295_c0_g1_i1	0	0	1	3	0	1
TRINITY_DN143515_c2_g1_i1	0	0	1	9	0	0
TRINITY_DN87866_c11_g1_i1	3381	0	0	0	1691	0
TRINITY_DN141805_c2_g2_i2	0	0	0	1	0	2
TRINITY_DN142728_c2_g1_i1	4	0	0	8	0	31
TRINITY_DN143653_c3_g1_i1	0	0	20	0	0	1
TRINITY_DN144610_c1_g1_i1	49	0	1	0	0	27
TRINITY_DN139800_c0_g1_i8	2	0	1	18	0	2
TRINITY_DN139398_c6_g1_i2	1	0	3	1	0	0
TRINITY_DN144891_c19_g1_i1	2	0	2	275	0	0
TRINITY_DN145815_c4_g1_i1	3	0	0	0	0	5
TRINITY_DN141541_c3_g1_i11	1	0	2	0	0	1
TRINITY_DN144721_c2_g1_i4	0	0	6	0	0	1
TRINITY_DN138386_c3_g1_i6	4	0	0	1	0	1
TRINITY_DN103794_c2_g6_i1	0	0	17	0	6	11
TRINITY_DN140295_c3_g3_i9	1	0	1	0	0	0
TRINITY_DN145231_c1_g1_i5	0	31	0	0	0	15
TRINITY_DN143091_c2_g2_i10	3	0	0	3	0	4
TRINITY_DN144460_c0_g1_i1	2	0	0	1	0	0
TRINITY_DN140506_c0_g2_i1	0	0	0	12	0	1
TRINITY_DN142785_c1_g1_i1	15	0	7	0	3	13
TRINITY_DN140875_c2_g5_i1	1	0	1	0	0	1
TRINITY_DN143335_c2_g2_i3	20	0	1	0	0	4
TRINITY_DN130950_c0_g1_i1	1	0	1	0	0	24
TRINITY_DN144930_c4_g1_i5	2	0	0	7	0	22
TRINITY_DN140276_c5_g1_i5	0	0	4	0	0	6
TRINITY_DN145172_c5_g1_i3	8	0	0	0	0	4
TRINITY_DN143401_c4_g4_i1	5	0	0	0	0	1
TRINITY_DN136178_c2_g2_i2	7	0	1	0	0	9
TRINITY_DN139280_c3_g1_i2	0	48	1	1	0	0
TRINITY_DN142272_c5_g1_i1	1	0	1	3	0	3
TRINITY_DN142487_c1_g3_i3	0	0	4	8	0	1
TRINITY_DN145470_c2_g1_i4	6	1	0	918	0	2
TRINITY_DN140711_c0_g1_i1	0	0	2	0	0	6
TRINITY_DN141705_c6_g1_i5	6	0	0	0	0	2
TRINITY_DN145652_c3_g1_i1	1	0	0	0	0	6
TRINITY_DN145467_c1_g1_i7	47	0	0	91	0	10
TRINITY_DN139843_c0_g1_i2	0	5	0	10	0	0
TRINITY_DN145605_c0_g1_i8	40	0	0	0	0	118
TRINITY_DN140635_c1_g1_i2	0	0	1	11	0	0
TRINITY_DN144660_c5_g1_i1	18	0	2	0	0	114
TRINITY_DN143099_c2_g1_i1	0	0	1	3	0	2
TRINITY_DN143250_c3_g3_i2	1	15	1	0	0	8
TRINITY_DN138807_c4_g1_i5	0	0	0	0	0	2
TRINITY_DN141955_c1_g2_i8	0	0	0	3	0	6
TRINITY_DN137391_c0_g2_i1	0	0	1	5	0	0
TRINITY_DN138782_c10_g1_i2	29	0	0	0	63	0
TRINITY_DN137108_c3_g2_i3	1	0	0	0	0	1
TRINITY_DN139156_c4_g13_i1	0	81	21	0	0	31
TRINITY_DN143457_c0_g1_i1	12	3	0	98	0	2
TRINITY_DN142757_c1_g1_i2	1	0	3	1	0	0
TRINITY_DN130109_c0_g1_i1	1	0	1	0	0	2
TRINITY_DN144443_c3_g1_i2	2	0	0	6	0	4
TRINITY_DN145213_c0_g1_i6	1	0	3	0	0	7
TRINITY_DN145264_c2_g1_i1	29	0	4	0	0	9
TRINITY_DN144941_c4_g1_i1	46	0	0	1	2	0
TRINITY_DN142196_c2_g1_i1	0	0	55	12	0	3
TRINITY_DN134270_c0_g3_i2	0	9	0	0	0	3
TRINITY_DN120787_c2_g1_i1	0	0	1	0	0	2
TRINITY_DN142793_c0_g2_i2	1	0	0	0	0	2
TRINITY_DN144616_c7_g3_i10	2	0	3	1	0	13
TRINITY_DN143842_c1_g4_i3	0	0	5	19	0	1
TRINITY_DN141259_c3_g4_i1	0	0	0	1	0	2
TRINITY_DN140978_c3_g1_i2	6	0	0	0	10	29
TRINITY_DN139931_c1_g1_i2	0	0	1	8	0	1
TRINITY_DN144720_c1_g2_i2	3	0	0	0	0	2
TRINITY_DN140847_c3_g1_i5	1	0	0	35	0	5
TRINITY_DN143072_c7_g3_i2	62	0	0	0	0	53
TRINITY_DN141406_c0_g1_i1	0	0	4	4	0	2
TRINITY_DN143608_c1_g2_i2	4	0	0	3	0	0
TRINITY_DN142402_c3_g2_i2	0	0	0	0	0	35
TRINITY_DN136583_c0_g2_i3	0	0	2	0	0	7
TRINITY_DN143260_c1_g2_i1	0	0	12	0	0	1
TRINITY_DN140895_c4_g4_i5	0	0	3	15	0	1
TRINITY_DN137461_c0_g1_i2	2	0	1	11	0	5
TRINITY_DN145196_c4_g1_i1	110	0	0	0	0	187
TRINITY_DN144511_c5_g8_i2	1	2	0	9	0	1
TRINITY_DN142902_c3_g1_i18	1	0	0	1	0	1
TRINITY_DN391824_c1_g1_i1	179	0	1	0	0	63
TRINITY_DN148208_c3_g1_i1	1	0	17	0	0	4
TRINITY_DN144894_c1_g3_i5	759	74	34	9	30	184
TRINITY_DN142371_c5_g1_i1	5	0	7	0	0	13
TRINITY_DN142988_c3_g2_i3	6	0	1	0	0	10
TRINITY_DN142135_c20_g1_i5	0	0	12	0	32	1
TRINITY_DN139162_c6_g4_i3	6	1	4	65	0	47
TRINITY_DN139962_c1_g2_i5	0	0	3	5	0	7
TRINITY_DN139885_c0_g1_i3	0	0	0	1	2	1
TRINITY_DN144211_c1_g1_i8	10	0	0	0	0	15
TRINITY_DN140777_c1_g6_i1	0	0	2	2	0	1
TRINITY_DN145804_c2_g1_i1	3	0	0	260	0	1
TRINITY_DN137385_c8_g1_i2	2	0	0	0	0	1
TRINITY_DN138312_c4_g6_i3	3	0	9	0	0	13
TRINITY_DN142741_c3_g1_i4	1	0	2	1	0	0
TRINITY_DN140422_c9_g1_i2	0	0	6	2	0	16
TRINITY_DN138003_c2_g3_i2	1	0	2	0	0	1
TRINITY_DN141225_c2_g1_i7	0	0	1	11	0	1
TRINITY_DN134936_c0_g1_i1	0	0	2	0	0	6
TRINITY_DN139400_c7_g5_i2	0	0	0	1	0	3
TRINITY_DN143806_c1_g3_i1	0	0	0	0	0	1
TRINITY_DN138972_c1_g2_i2	1	0	1	36	0	0
TRINITY_DN143383_c0_g7_i2	0	0	3	1	0	33
TRINITY_DN135868_c15_g1_i4	106	0	0	0	16	0
TRINITY_DN138484_c2_g1_i1	0	0	0	1	15	2
TRINITY_DN137346_c3_g7_i1	2	0	0	0	0	1
TRINITY_DN138868_c2_g1_i1	0	0	1	0	0	3
TRINITY_DN142293_c7_g2_i2	1	0	0	2	0	0
TRINITY_DN128573_c0_g1_i1	0	0	3	0	0	2
TRINITY_DN30312_c0_g1_i2	5	1	2	22	0	23
TRINITY_DN134637_c0_g1_i2	0	0	7	0	1	3
TRINITY_DN141488_c2_g3_i6	1	0	5	0	0	5
TRINITY_DN144485_c5_g6_i1	0	0	1	1	0	1
TRINITY_DN139826_c5_g2_i2	1	0	0	2	0	0
TRINITY_DN139390_c5_g1_i5	1	0	0	4	0	2
TRINITY_DN136626_c0_g1_i1	2	0	0	7	0	0
TRINITY_DN140714_c1_g2_i8	0	0	1	14	0	2
TRINITY_DN144498_c1_g2_i5	1	0	0	0	0	1
TRINITY_DN133675_c0_g2_i1	1	0	0	6	0	1
TRINITY_DN141213_c3_g1_i8	1	0	0	0	26	0
TRINITY_DN137448_c0_g1_i1	0	0	2	3	0	1
TRINITY_DN144637_c2_g1_i3	139	4	0	17	0	12
TRINITY_DN136232_c3_g1_i6	1	0	1	0	0	3
TRINITY_DN137258_c5_g1_i3	5	0	0	0	0	66
TRINITY_DN127478_c1_g1_i1	1	0	0	62	0	0
TRINITY_DN142147_c0_g1_i1	1	0	0	37	0	1
TRINITY_DN137246_c4_g1_i1	0	0	4	0	0	3
TRINITY_DN136737_c1_g1_i1	0	0	0	4	0	10
TRINITY_DN141385_c2_g5_i1	1	0	3	0	0	0
TRINITY_DN144781_c2_g2_i1	1	0	1	2	0	1
TRINITY_DN145343_c4_g1_i1	50	0	0	0	2	0
TRINITY_DN136366_c1_g5_i2	0	0	0	3	0	1
TRINITY_DN136829_c0_g4_i1	6	0	11	0	0	5
TRINITY_DN144592_c2_g10_i1	122	0	42	150	0	0
TRINITY_DN145430_c2_g1_i3	1	0	3	1	0	48
TRINITY_DN138116_c4_g3_i1	1	0	0	0	0	9
TRINITY_DN145420_c0_g1_i3	0	0	2	13	0	2
TRINITY_DN145473_c2_g1_i1	2	0	0	3	0	0
TRINITY_DN133141_c1_g3_i1	0	0	1	16	0	4
TRINITY_DN134964_c1_g1_i1	1	0	1	106	0	0
TRINITY_DN136678_c0_g1_i5	0	0	1	2	0	0
TRINITY_DN136917_c5_g1_i6	0	6	1	0	13	0
TRINITY_DN145391_c5_g1_i6	9	0	0	0	0	4
TRINITY_DN137893_c2_g1_i4	0	0	0	19	0	4
TRINITY_DN136073_c11_g7_i2	4	0	0	0	30	0
TRINITY_DN141268_c0_g9_i1	0	0	1	1	0	2
TRINITY_DN144592_c2_g1_i1	1	0	1	1	0	0
TRINITY_DN139943_c1_g2_i4	0	0	0	1	0	1
TRINITY_DN140525_c3_g1_i1	0	0	5	4	0	1
TRINITY_DN141840_c6_g1_i2	0	0	0	2	0	14
TRINITY_DN139349_c1_g1_i9	1	0	2	5	0	0
TRINITY_DN141634_c1_g1_i1	0	0	2	10	0	1
TRINITY_DN140485_c2_g1_i1	0	31	3	24	0	5
TRINITY_DN612115_c12_g1_i1	30	0	11	8107	0	46
TRINITY_DN144728_c2_g1_i2	1	0	1	0	0	3
TRINITY_DN136605_c1_g2_i2	0	0	1	0	0	5
TRINITY_DN137054_c3_g1_i1	6	0	1	2	0	7
TRINITY_DN144596_c4_g3_i3	0	0	4	5	0	2
TRINITY_DN142694_c6_g2_i2	19	5	1	0	0	9
TRINITY_DN383657_c1_g2_i1	111	0	47	89	0	178
TRINITY_DN140781_c1_g1_i4	0	0	1	1	0	1
TRINITY_DN145028_c4_g2_i1	0	0	1	0	30	12
TRINITY_DN142562_c4_g9_i2	5	0	5	0	15	13
TRINITY_DN138900_c4_g2_i6	0	0	3	4	0	1
TRINITY_DN145290_c2_g1_i6	9	0	0	76	0	11
TRINITY_DN145252_c3_g1_i3	4	0	0	1670	0	5
TRINITY_DN145548_c0_g2_i1	0	0	0	3	2	1
TRINITY_DN142450_c3_g1_i1	1	0	0	0	0	13
TRINITY_DN142718_c1_g1_i1	0	0	2	1	2	0
TRINITY_DN854716_c2_g1_i1	131	0	0	1	0	0
TRINITY_DN144518_c0_g1_i8	16	0	0	0	0	17
TRINITY_DN135595_c0_g1_i1	0	0	6	1	0	1
TRINITY_DN131394_c1_g1_i2	1	0	0	38	0	0
TRINITY_DN139483_c5_g1_i2	0	0	2	404	0	0
TRINITY_DN142526_c5_g3_i3	0	0	0	13	0	2
TRINITY_DN145537_c1_g1_i9	0	0	9	7	0	3
TRINITY_DN140553_c1_g6_i1	1	0	0	189	0	1
TRINITY_DN96423_c4_g1_i1	389	3	35	0	69	208
TRINITY_DN137878_c3_g5_i1	2	0	0	0	0	2
TRINITY_DN139970_c6_g1_i2	4	33	4	0	0	2
TRINITY_DN144643_c8_g1_i4	16	0	0	0	0	28
TRINITY_DN136888_c0_g2_i1	5	0	0	3	0	0
TRINITY_DN144154_c24_g6_i1	0	0	1	0	0	4
TRINITY_DN71929_c2_g1_i3	3	0	2	0	22	0
TRINITY_DN141791_c2_g1_i1	1	0	1	0	0	0
TRINITY_DN143867_c72_g1_i2	2	49	25	0	5	38
TRINITY_DN140923_c3_g1_i5	0	0	3	0	0	4
TRINITY_DN143910_c0_g2_i1	4	0	4	9	25	7
TRINITY_DN124999_c1_g1_i1	1	0	0	0	0	1
TRINITY_DN139994_c0_g2_i2	1	0	0	10	0	0
TRINITY_DN139429_c1_g2_i1	7	0	0	1	0	1
TRINITY_DN143765_c2_g1_i2	0	0	6	6	0	1
TRINITY_DN142133_c9_g5_i3	0	0	48	1	0	27
TRINITY_DN141907_c3_g1_i4	4	0	2	9	0	4
TRINITY_DN137014_c0_g3_i7	2	0	1	0	0	2
TRINITY_DN140380_c0_g2_i1	0	0	1	5	0	0
TRINITY_DN142891_c6_g2_i1	10	0	0	0	20	0
TRINITY_DN138222_c3_g4_i2	0	0	6	0	0	7
TRINITY_DN142539_c1_g1_i3	0	0	2	0	0	7
TRINITY_DN141473_c13_g2_i1	2	0	0	0	36	0
TRINITY_DN139431_c1_g2_i4	0	4	6	0	0	17
TRINITY_DN136751_c0_g1_i2	0	0	0	3	0	1
TRINITY_DN145125_c4_g2_i3	12	0	0	686	0	14
TRINITY_DN139113_c0_g3_i3	1	0	0	0	0	3
TRINITY_DN136306_c0_g3_i1	2	0	0	0	0	1
TRINITY_DN140804_c9_g5_i2	5	0	46	20	0	2
TRINITY_DN145252_c3_g1_i1	2	0	0	3529	0	24
TRINITY_DN142388_c1_g1_i2	6	0	5	0	4	3
TRINITY_DN140188_c14_g1_i6	0	0	0	1	0	4
TRINITY_DN137438_c4_g1_i1	0	0	2	0	0	2
TRINITY_DN134635_c0_g2_i3	1	0	1	2	0	0
TRINITY_DN144690_c1_g2_i1	5	0	0	0	0	0
TRINITY_DN140550_c2_g1_i1	5	0	1	0	21	5
TRINITY_DN137255_c1_g1_i1	0	0	2	2	0	5
TRINITY_DN145768_c0_g1_i4	11	0	5	0	0	29
TRINITY_DN145055_c3_g1_i3	0	0	0	136	0	50
TRINITY_DN138262_c3_g3_i4	3	0	2	0	0	4
TRINITY_DN139187_c3_g1_i3	1	0	1	36	0	0
TRINITY_DN142273_c1_g1_i3	5	0	1	4	26	6
TRINITY_DN141532_c5_g3_i11	18	0	0	0	61	0
TRINITY_DN144021_c5_g3_i1	58	0	50	30	0	0
TRINITY_DN140061_c3_g2_i3	1	0	1	1	0	4
TRINITY_DN139319_c1_g2_i2	1	0	0	0	0	2
TRINITY_DN142187_c5_g6_i1	1	0	0	0	0	3
TRINITY_DN145292_c1_g1_i1	10	0	3	12	0	3
TRINITY_DN143049_c3_g5_i1	0	0	2	2	0	1
TRINITY_DN145558_c2_g1_i3	2	1	1	144	0	0
TRINITY_DN134305_c0_g2_i1	1	0	0	15	0	1
TRINITY_DN131014_c0_g1_i1	1	0	1	0	0	5
TRINITY_DN144435_c2_g1_i11	0	0	0	0	0	64
TRINITY_DN140737_c5_g4_i1	0	0	0	5	0	11
TRINITY_DN140787_c4_g1_i1	14	0	0	0	55	0
TRINITY_DN142468_c1_g1_i1	0	0	1	2	0	1
TRINITY_DN143981_c3_g1_i2	17	0	5	0	0	24
TRINITY_DN142130_c3_g1_i7	12	2	0	603	0	7
TRINITY_DN142562_c4_g9_i3	13	0	3	0	0	12
TRINITY_DN143985_c1_g7_i1	43	0	19	0	0	49
TRINITY_DN144433_c1_g3_i8	0	0	1	0	0	4
TRINITY_DN1092506_c0_g1_i1	71	0	3	0	29	11
TRINITY_DN144003_c10_g1_i3	3	0	0	0	4	0
TRINITY_DN137610_c3_g1_i9	114	0	1	0	1	40
TRINITY_DN138758_c2_g1_i2	1	0	0	1	0	0
TRINITY_DN140513_c3_g1_i2	0	0	3	1	0	5
TRINITY_DN145174_c0_g1_i1	2	5	0	0	0	0
TRINITY_DN143656_c3_g4_i3	0	0	6	3	0	10
TRINITY_DN139166_c2_g1_i1	3	0	0	0	0	11
TRINITY_DN140846_c3_g5_i3	0	0	1	2	0	6
TRINITY_DN133459_c0_g1_i1	1	0	0	0	2	0
TRINITY_DN142671_c2_g1_i1	3	0	0	0	0	2
TRINITY_DN145366_c17_g1_i2	0	35	6	0	0	1
TRINITY_DN142017_c3_g2_i4	1	0	1	1	0	0
TRINITY_DN145406_c2_g1_i6	56	17	3	0	0	24
TRINITY_DN145121_c0_g1_i2	6	0	0	0	0	18
TRINITY_DN141877_c2_g1_i3	12	0	0	0	72	0
TRINITY_DN137409_c1_g6_i1	1	0	0	0	10	0
TRINITY_DN138931_c2_g1_i1	1	0	0	34	0	0
TRINITY_DN141429_c0_g1_i1	0	7	2	2	0	0
TRINITY_DN142033_c4_g1_i1	4	0	3	5	26	4
TRINITY_DN143867_c72_g1_i3	298	2054	260	0	129	425
TRINITY_DN140448_c4_g7_i2	3	0	1	0	223	0
TRINITY_DN851511_c0_g1_i1	0	0	0	0	35	4
TRINITY_DN145099_c5_g3_i1	9	0	1	198	0	3
TRINITY_DN132573_c1_g4_i2	1	0	0	2	0	1
TRINITY_DN143128_c11_g1_i1	1	0	0	0	1	0
TRINITY_DN140573_c8_g1_i2	1	0	0	1	0	0
TRINITY_DN145141_c0_g1_i13	10	0	1	0	0	2
TRINITY_DN144624_c4_g1_i1	0	0	0	14	0	14
TRINITY_DN140499_c1_g2_i1	15	3	2	1	28	0
TRINITY_DN135332_c0_g1_i4	1	0	0	8	0	1
TRINITY_DN129731_c0_g1_i2	1	0	1	0	0	0
TRINITY_DN143123_c1_g2_i3	1	0	0	0	0	6
TRINITY_DN143832_c0_g1_i2	13	0	0	0	0	1
TRINITY_DN144638_c7_g1_i5	2	0	2	0	0	0
TRINITY_DN145615_c4_g1_i1	3	0	0	261	0	0
TRINITY_DN137085_c7_g9_i3	0	0	0	2	0	2
TRINITY_DN136918_c1_g1_i1	1	0	2	0	0	1
TRINITY_DN143654_c3_g7_i1	0	0	1	0	1	2
TRINITY_DN145143_c2_g2_i3	0	0	0	2	0	2
TRINITY_DN145376_c1_g1_i7	0	0	19	0	1	0
TRINITY_DN141627_c7_g2_i2	1	0	1	11	0	1
TRINITY_DN140479_c3_g2_i1	0	0	7	0	0	1
TRINITY_DN136655_c1_g1_i1	0	1	3	4	0	0
TRINITY_DN143744_c0_g2_i2	1	0	2	133	0	0
TRINITY_DN142624_c1_g2_i8	16	0	0	0	0	1
TRINITY_DN142330_c6_g5_i2	1	42	0	54	0	0
TRINITY_DN142988_c3_g2_i5	20	0	0	0	4	1
TRINITY_DN142570_c0_g3_i5	0	0	3	5	0	1
TRINITY_DN137776_c5_g3_i1	0	28	0	55	0	15
TRINITY_DN142069_c4_g1_i8	0	0	0	6	0	1
TRINITY_DN140561_c3_g1_i1	0	0	5	4	0	2
TRINITY_DN139837_c1_g5_i2	0	4	1	0	0	8
TRINITY_DN145325_c7_g1_i1	7	0	0	19	0	0
TRINITY_DN143180_c0_g8_i3	0	0	1	2	0	0
TRINITY_DN138173_c1_g1_i5	2	0	0	1	0	2
TRINITY_DN140061_c3_g2_i7	0	0	0	5	0	8
TRINITY_DN145741_c0_g1_i1	0	0	4	0	2	0
TRINITY_DN139408_c5_g1_i11	0	0	1	0	0	1
TRINITY_DN144746_c5_g15_i1	0	0	16	5	0	2
TRINITY_DN145544_c0_g1_i1	0	0	1	0	0	5
TRINITY_DN141311_c1_g1_i3	0	1	3	8	0	2
TRINITY_DN1311281_c5_g1_i1	2	9	0	2	0	1
TRINITY_DN139961_c4_g3_i2	0	0	2	3	0	0
TRINITY_DN139257_c3_g2_i1	2	0	0	0	0	3
TRINITY_DN144557_c2_g1_i2	2	3	1	0	0	13
TRINITY_DN145220_c3_g1_i8	23	131	0	1417	0	2
TRINITY_DN140431_c3_g2_i1	1	0	26	6	0	6
TRINITY_DN137851_c8_g2_i3	0	0	0	3	0	4
TRINITY_DN136135_c0_g1_i1	5	0	0	0	4	0
TRINITY_DN140975_c9_g2_i2	0	0	92	0	107	37
TRINITY_DN134115_c1_g4_i1	3	0	1	51	0	3
TRINITY_DN144971_c2_g1_i1	14	0	1	0	0	2
TRINITY_DN144452_c5_g1_i1	1	0	3	4	0	78
TRINITY_DN6818_c3_g1_i1	0	0	26	0	0	21
TRINITY_DN139639_c2_g1_i12	1	0	0	4	0	2
TRINITY_DN75541_c0_g1_i1	0	0	0	4	0	3
TRINITY_DN142945_c3_g4_i1	71	0	8	0	8	7
TRINITY_DN136741_c1_g1_i1	0	0	1	2	0	0
TRINITY_DN142910_c1_g1_i1	8	0	0	0	2	0
TRINITY_DN144466_c4_g1_i1	0	0	10	1	0	8
TRINITY_DN143007_c0_g1_i1	2	0	0	1	1	0
TRINITY_DN140607_c1_g4_i2	0	0	2	0	0	19
TRINITY_DN142451_c2_g1_i1	0	0	1	0	8	0
TRINITY_DN144521_c0_g1_i5	2	0	3	7	0	0
TRINITY_DN141176_c1_g1_i2	1	0	5	0	7	0
TRINITY_DN145147_c5_g4_i1	0	0	0	2	0	5
TRINITY_DN102499_c1_g1_i1	3	0	0	0	0	9
TRINITY_DN143444_c6_g1_i1	2	0	1	5	0	9
TRINITY_DN384373_c1_g1_i1	2	0	0	0	0	1
TRINITY_DN144872_c3_g1_i6	23	0	0	2	1	0
TRINITY_DN139898_c1_g1_i2	6	0	0	0	44	0
TRINITY_DN144751_c7_g1_i5	1	0	0	1	0	1
TRINITY_DN140599_c0_g1_i4	4	0	2	7	0	6
TRINITY_DN136312_c3_g1_i18	0	0	1	1	0	1
TRINITY_DN135914_c2_g2_i2	1	0	1	3	0	0
TRINITY_DN137157_c3_g1_i14	2	0	1	15	0	0
TRINITY_DN145673_c1_g1_i3	0	0	15	55	0	4
TRINITY_DN140780_c4_g1_i1	1	0	0	0	0	27
TRINITY_DN136156_c0_g3_i1	0	0	1	0	0	11
TRINITY_DN138093_c5_g1_i1	1	0	0	3	0	1
TRINITY_DN143469_c1_g1_i3	3	0	5	21	6	7
TRINITY_DN145447_c1_g1_i1	10	0	0	0	0	7
TRINITY_DN144700_c8_g5_i1	1	0	4	0	0	1
TRINITY_DN138221_c1_g1_i15	0	0	1	1	0	1
TRINITY_DN851750_c1_g1_i1	1	0	1	6	0	0
TRINITY_DN32297_c1_g1_i1	2	0	0	0	0	3
TRINITY_DN139471_c5_g2_i2	2	0	1	0	0	0
TRINITY_DN145841_c0_g1_i8	0	0	0	14	0	0
TRINITY_DN143149_c4_g1_i4	41	0	0	0	0	44
TRINITY_DN143018_c44_g10_i2	0	0	0	0	1	9
TRINITY_DN144738_c1_g1_i2	1	0	4	38	0	9
TRINITY_DN144555_c1_g1_i8	0	0	0	1	0	24
TRINITY_DN127733_c0_g2_i2	1	0	2	1	0	1
TRINITY_DN144031_c4_g1_i1	0	0	0	0	0	42
TRINITY_DN142450_c8_g1_i3	0	0	2	0	0	34
TRINITY_DN144453_c1_g1_i7	6	0	0	0	0	1
TRINITY_DN140481_c3_g1_i5	0	0	2	8	0	11
TRINITY_DN139681_c0_g5_i2	0	0	2	0	1	0
TRINITY_DN141175_c4_g1_i1	0	0	0	5	0	22
TRINITY_DN135572_c5_g1_i1	23	0	0	0	34	0
TRINITY_DN139724_c7_g1_i4	2	0	0	1	0	5
TRINITY_DN143359_c8_g1_i1	2	0	27	3	0	2
TRINITY_DN144375_c0_g1_i1	0	1	0	0	1	0
TRINITY_DN141024_c0_g4_i2	0	0	0	0	3	0
TRINITY_DN145089_c3_g1_i3	0	0	2	0	0	3
TRINITY_DN138972_c1_g2_i4	4	0	0	30	0	0
TRINITY_DN138084_c5_g1_i1	1	0	1	1	0	0
TRINITY_DN144152_c2_g8_i1	77	0	0	0	205	0
TRINITY_DN137258_c6_g2_i1	11	0	0	0	33	2
TRINITY_DN138765_c1_g1_i3	1	0	1	24	0	0
TRINITY_DN143230_c0_g1_i2	1	0	1	0	0	4
TRINITY_DN137788_c1_g2_i1	6	0	0	0	0	2
TRINITY_DN144673_c3_g1_i1	0	0	1	2	0	0
TRINITY_DN145016_c4_g1_i5	3	0	21	0	0	20
TRINITY_DN144514_c0_g1_i5	0	0	0	12	0	1
TRINITY_DN130720_c0_g3_i3	0	0	2	0	0	1
TRINITY_DN28387_c0_g1_i1	0	36	0	2	0	8
TRINITY_DN141713_c1_g2_i1	0	0	0	0	7	2
TRINITY_DN141364_c1_g1_i4	0	0	2	1	0	0
TRINITY_DN139526_c3_g5_i3	0	0	2	0	0	39
TRINITY_DN140237_c6_g10_i1	2	0	0	0	4	0
TRINITY_DN137752_c1_g1_i9	1	0	1	10	0	0
TRINITY_DN145090_c0_g1_i3	11	0	0	0	0	2
TRINITY_DN141573_c10_g7_i1	18	0	0	0	123	0
TRINITY_DN144156_c2_g1_i4	8	0	0	9	0	0
TRINITY_DN142590_c2_g1_i3	8	2	0	0	0	0
TRINITY_DN140254_c1_g3_i2	0	2	0	7	47	1
TRINITY_DN871885_c0_g1_i1	2	0	1	4	0	0
TRINITY_DN852365_c3_g1_i1	53	0	0	846	0	13
TRINITY_DN141847_c9_g4_i1	0	0	18	1	0	1
TRINITY_DN142494_c1_g1_i3	0	0	1	21	0	1
TRINITY_DN145706_c7_g2_i4	1	0	1	1	0	0
TRINITY_DN135995_c3_g1_i3	2	0	1	1	0	2
TRINITY_DN137703_c6_g1_i4	3	0	0	1	15	0
TRINITY_DN141380_c3_g3_i2	0	0	3	0	0	1
TRINITY_DN140335_c3_g1_i1	2	2	0	0	0	2
TRINITY_DN130289_c0_g1_i1	1	0	0	8	0	2
TRINITY_DN145718_c6_g1_i2	4	0	0	56	0	0
TRINITY_DN129534_c0_g1_i1	11	0	0	0	0	1
TRINITY_DN618795_c1_g1_i1	0	0	0	0	0	18
TRINITY_DN139687_c3_g3_i1	1	0	6	0	0	4
TRINITY_DN140499_c1_g2_i2	36	0	0	0	0	11
TRINITY_DN144939_c2_g1_i2	3	0	6	22	0	5
TRINITY_DN145706_c8_g1_i5	1	0	2	1	0	3
TRINITY_DN139759_c4_g2_i4	1	0	0	53	0	1
TRINITY_DN138941_c3_g2_i9	0	0	2	6	0	4
TRINITY_DN140005_c0_g2_i4	0	0	0	7	0	0
TRINITY_DN143292_c5_g2_i1	0	0	1	0	0	5
TRINITY_DN142033_c3_g2_i1	11	0	4	0	16	1
TRINITY_DN138554_c0_g3_i2	0	5	1	13	0	0
TRINITY_DN142508_c5_g1_i3	0	0	1	0	3	0
TRINITY_DN144665_c5_g5_i2	2	0	0	0	6	1
TRINITY_DN144080_c5_g2_i2	0	0	1	2	0	2
TRINITY_DN161081_c4_g1_i1	0	0	13	0	0	2
TRINITY_DN135064_c0_g1_i3	0	0	0	31	0	2
TRINITY_DN138926_c0_g1_i2	1	2	1	3	0	0
TRINITY_DN142154_c2_g1_i5	2	0	0	0	0	12
TRINITY_DN141444_c2_g2_i8	4	0	1	0	0	1
TRINITY_DN137610_c3_g1_i4	0	0	1	0	0	5
TRINITY_DN140265_c7_g4_i2	1	0	0	1	0	1
TRINITY_DN135983_c1_g1_i2	0	0	1	0	0	2
TRINITY_DN136597_c9_g2_i1	0	0	0	0	0	9
TRINITY_DN145750_c5_g1_i1	1	0	0	0	0	9
TRINITY_DN146136_c1_g1_i1	1	0	3	0	0	3
TRINITY_DN1090925_c1_g1_i3	15	0	0	0	0	8
TRINITY_DN135554_c0_g1_i3	2	0	2	0	0	1
TRINITY_DN142611_c11_g2_i1	0	0	1	4	0	1
TRINITY_DN142797_c0_g1_i5	23	0	0	0	6	0
TRINITY_DN138740_c3_g7_i1	0	0	2	2	0	47
TRINITY_DN134764_c1_g1_i3	3	0	0	15	0	0
TRINITY_DN134409_c0_g1_i1	0	0	2	2	0	2
TRINITY_DN138318_c6_g3_i1	2	0	0	0	61	0
TRINITY_DN134205_c1_g2_i2	3	0	0	0	0	1
TRINITY_DN141975_c4_g1_i3	2	0	0	5	0	1
TRINITY_DN135866_c0_g1_i1	1	0	0	1	0	6
TRINITY_DN138631_c0_g4_i4	0	0	0	4	6	0
TRINITY_DN145165_c2_g1_i3	0	1	0	39	0	0
TRINITY_DN141244_c0_g1_i2	1	0	2	8	0	1
TRINITY_DN147329_c0_g1_i1	6	0	0	1	0	1
TRINITY_DN134799_c1_g1_i3	2	0	5	11	0	2
TRINITY_DN143876_c11_g4_i2	0	8	20	0	28	167
TRINITY_DN141075_c3_g5_i2	0	0	0	0	2	65
TRINITY_DN135989_c3_g1_i4	1	0	0	145	0	0
TRINITY_DN142988_c2_g1_i1	2	0	0	0	1	0
TRINITY_DN139918_c0_g2_i2	0	0	0	6	0	1
TRINITY_DN138723_c1_g4_i4	0	0	3	0	2	0
TRINITY_DN134571_c44_g1_i2	0	0	1	0	0	88
TRINITY_DN142205_c5_g1_i5	0	0	0	3	0	9
TRINITY_DN140548_c3_g1_i12	2	0	0	0	0	62
TRINITY_DN141948_c0_g1_i1	1	0	3	0	0	3
TRINITY_DN145575_c0_g1_i3	0	0	0	11	0	7
TRINITY_DN144155_c2_g1_i1	0	0	6	4	0	12
TRINITY_DN143123_c1_g2_i5	12	0	0	0	0	8
TRINITY_DN142554_c1_g1_i2	6	0	3	0	0	18
TRINITY_DN141448_c1_g1_i1	3	3	2	35	0	0
TRINITY_DN143165_c1_g1_i4	0	0	0	6	0	1
TRINITY_DN139486_c2_g2_i2	1	0	0	1	0	0
TRINITY_DN139384_c3_g1_i2	1	0	0	0	7	0
TRINITY_DN143974_c9_g2_i1	1	0	1	0	0	2
TRINITY_DN141711_c2_g1_i1	0	0	1	0	7	0
TRINITY_DN144931_c5_g2_i2	4	0	1	0	0	1
TRINITY_DN144731_c3_g2_i1	2	0	3	11	0	0
TRINITY_DN139543_c3_g1_i2	1	0	1	0	0	1
TRINITY_DN143609_c0_g1_i1	1	0	7	3	0	0
TRINITY_DN137298_c3_g6_i1	0	0	1	0	4	0
TRINITY_DN143457_c1_g1_i1	0	0	1	8	0	5
TRINITY_DN139587_c3_g2_i2	1	34	0	18	0	1
TRINITY_DN141657_c3_g1_i1	1	0	0	9	0	0
TRINITY_DN137907_c3_g6_i1	1	16	0	16	0	0
TRINITY_DN141241_c4_g5_i1	6	0	2	0	0	17
TRINITY_DN145856_c3_g1_i1	80	0	3	463	1	58
TRINITY_DN144738_c1_g1_i1	0	0	1	0	0	1
TRINITY_DN99540_c0_g1_i1	0	0	3	0	0	2
TRINITY_DN144339_c3_g1_i15	0	0	1	0	9	2
TRINITY_DN143173_c7_g1_i13	2	0	0	5	0	2
TRINITY_DN139151_c4_g3_i3	6	0	0	0	0	47
TRINITY_DN139266_c0_g1_i1	0	0	2	2	0	0
TRINITY_DN145348_c3_g1_i1	33	0	0	0	0	130
TRINITY_DN137072_c1_g1_i18	1	0	0	7	0	8
TRINITY_DN142178_c2_g1_i3	1	0	0	3	0	2
TRINITY_DN139616_c4_g3_i1	0	0	1	0	0	1
TRINITY_DN144811_c2_g1_i2	32	0	8	0	0	44
TRINITY_DN142836_c9_g9_i1	12	218	14	44	0	3
TRINITY_DN144266_c10_g1_i4	20	0	15	211	0	0
TRINITY_DN144673_c2_g1_i6	3	0	0	419	0	4
TRINITY_DN136023_c1_g1_i5	1	0	0	7	0	0
TRINITY_DN145021_c4_g1_i1	4	0	0	1	0	3
TRINITY_DN139212_c13_g5_i1	8	0	0	0	0	33
TRINITY_DN138970_c0_g3_i4	0	0	1	7	0	0
TRINITY_DN139261_c0_g1_i3	0	0	4	2	0	7
TRINITY_DN136668_c3_g2_i2	2	0	2	140	0	0
TRINITY_DN138066_c7_g4_i2	0	0	2	4	0	8
TRINITY_DN138315_c2_g2_i1	0	0	2	2	0	0
TRINITY_DN850865_c10_g1_i1	1	0	0	0	1521	0
TRINITY_DN140814_c0_g1_i2	4	0	6	0	0	0
TRINITY_DN137050_c3_g5_i1	0	0	1	3	0	4
TRINITY_DN1091813_c5_g1_i1	2	0	0	0	0	3
TRINITY_DN133265_c0_g1_i2	0	0	1	1	11	0
TRINITY_DN137096_c3_g1_i5	1	0	0	7	0	0
TRINITY_DN136198_c0_g5_i2	0	0	1	0	0	5
TRINITY_DN135593_c0_g2_i2	0	0	1	0	0	1
TRINITY_DN139582_c2_g1_i4	2	0	1	4	0	0
TRINITY_DN141473_c13_g4_i1	1	0	0	0	63	0
TRINITY_DN142596_c3_g1_i2	2	0	1	1	0	3
TRINITY_DN139402_c2_g1_i1	1	0	3	11	0	2
TRINITY_DN145305_c1_g1_i2	2	1	0	0	0	0
TRINITY_DN141921_c2_g2_i2	0	0	3	6	0	2
TRINITY_DN144754_c1_g1_i1	19	0	0	2	0	4
TRINITY_DN137830_c2_g1_i3	0	0	5	5	0	6
TRINITY_DN138599_c1_g3_i1	1	0	1	15	0	1
TRINITY_DN141266_c3_g2_i1	8	0	0	0	0	1
TRINITY_DN142562_c4_g9_i1	30	0	0	0	1	13
TRINITY_DN140586_c2_g2_i2	71	0	0	0	0	29
TRINITY_DN144064_c1_g1_i3	1	0	0	2	0	0
TRINITY_DN143169_c2_g1_i6	21	0	1	0	0	4
TRINITY_DN138488_c3_g1_i2	0	0	1	0	0	1
TRINITY_DN140593_c1_g1_i11	2	0	0	1	0	1
TRINITY_DN140644_c4_g1_i1	0	0	1	2	0	2
TRINITY_DN137848_c3_g1_i1	1	0	0	8	15	3
TRINITY_DN137711_c6_g3_i5	0	7	2	0	0	2
TRINITY_DN142761_c18_g1_i5	0	6	0	13	0	7
TRINITY_DN145857_c2_g1_i5	452	945	346	435	217	483
TRINITY_DN138108_c5_g1_i1	1	1	0	60	0	0
TRINITY_DN140622_c6_g2_i1	2	0	1	23	0	0
TRINITY_DN100429_c0_g2_i1	0	29	1	2	0	0
TRINITY_DN142528_c0_g2_i3	0	0	2	2	0	3
TRINITY_DN142732_c5_g3_i4	1	0	5	0	0	0
TRINITY_DN134608_c1_g1_i1	5	0	0	3	0	0
TRINITY_DN138315_c2_g1_i1	2	0	4	5	0	5
TRINITY_DN145613_c33_g1_i5	0	0	3	2	0	1
TRINITY_DN85648_c2_g1_i1	2	0	1	385	0	0
TRINITY_DN144216_c2_g6_i1	2	0	0	0	10	0
TRINITY_DN145983_c5_g3_i1	45	5	0	1679	0	2
TRINITY_DN142019_c4_g1_i6	0	0	5	6	0	2
TRINITY_DN143595_c3_g1_i5	9	0	0	0	0	11
TRINITY_DN142304_c19_g2_i1	0	0	9	6	0	1
TRINITY_DN143027_c2_g1_i6	1	1	3	7	0	3
TRINITY_DN137854_c1_g2_i2	1	0	0	5	0	2
TRINITY_DN144291_c5_g7_i1	19	0	0	1047	0	22
TRINITY_DN141980_c4_g1_i1	5	0	20	0	100	6
TRINITY_DN140188_c14_g1_i4	0	0	0	0	0	57
TRINITY_DN144589_c0_g1_i2	5	0	0	7	0	2
TRINITY_DN134655_c0_g2_i1	1	0	0	0	0	3
TRINITY_DN143830_c0_g1_i1	3	0	1	13	0	9
TRINITY_DN142309_c15_g6_i2	2	0	6	0	0	4
TRINITY_DN139056_c0_g1_i1	0	0	1	1	0	0
TRINITY_DN111495_c0_g1_i1	4	0	0	0	0	2
TRINITY_DN139157_c1_g1_i6	0	0	1	1	0	3
TRINITY_DN144424_c2_g1_i2	9	2	1	0	4	0
TRINITY_DN142344_c4_g1_i1	9	0	0	0	0	6
TRINITY_DN140823_c10_g1_i1	0	0	0	13	0	2
TRINITY_DN136727_c0_g2_i1	0	0	2	0	0	1
TRINITY_DN145245_c6_g1_i2	9	6	10	419	0	154
TRINITY_DN131100_c0_g1_i4	5	0	0	2	0	11
TRINITY_DN142980_c0_g1_i7	0	0	0	0	0	3
TRINITY_DN141159_c10_g2_i1	0	0	5	1	0	12
TRINITY_DN141743_c3_g2_i6	0	0	1	1	0	1
TRINITY_DN134616_c0_g2_i2	6	0	4	0	0	2
TRINITY_DN142873_c4_g1_i4	0	0	1	1	0	2
TRINITY_DN7424_c0_g1_i1	1	0	0	5	0	2
TRINITY_DN135926_c1_g2_i3	1	0	0	1	0	4
TRINITY_DN143797_c0_g1_i4	3	0	0	0	0	9
TRINITY_DN141104_c10_g3_i7	0	0	1	5	0	2
TRINITY_DN143119_c3_g1_i2	14	2	2	2	0	15
TRINITY_DN136094_c0_g1_i2	1	0	0	0	0	8
TRINITY_DN136346_c15_g3_i2	1	0	3	10	0	0
TRINITY_DN141874_c2_g3_i2	0	0	0	17	0	6
TRINITY_DN145572_c4_g1_i1	0	1	0	0	0	1
TRINITY_DN144032_c2_g1_i3	24	0	0	2	0	0
TRINITY_DN138398_c3_g3_i1	1	0	2	0	0	1
TRINITY_DN135543_c0_g2_i1	1	0	2	0	0	29
TRINITY_DN138849_c3_g2_i2	0	0	0	1	0	2
TRINITY_DN141998_c3_g1_i1	0	0	0	3	0	2
TRINITY_DN132435_c1_g5_i1	1	0	0	0	3	0
TRINITY_DN1091307_c1_g1_i1	0	0	1	0	15	0
TRINITY_DN140622_c6_g2_i4	0	0	1	1	0	0
TRINITY_DN139127_c1_g2_i2	1	0	3	0	0	0
TRINITY_DN142309_c15_g5_i3	85	0	9	0	7	17
TRINITY_DN143507_c10_g2_i1	1	0	0	0	45	0
TRINITY_DN145588_c7_g7_i1	2	0	12	0	0	1
TRINITY_DN139686_c3_g9_i1	8	0	0	174	0	18
TRINITY_DN140227_c3_g4_i2	0	0	1	5	0	2
TRINITY_DN142074_c0_g1_i3	1	0	4	0	0	14
TRINITY_DN131149_c0_g2_i1	3	0	1	0	0	0
TRINITY_DN139258_c4_g1_i1	0	2	1	4	0	2
TRINITY_DN140070_c1_g1_i1	0	0	0	10	0	1
TRINITY_DN141348_c2_g1_i2	1	0	0	0	0	1
TRINITY_DN143088_c3_g2_i2	0	0	10	4	0	0
TRINITY_DN144594_c22_g1_i1	0	0	0	4	0	1
TRINITY_DN138357_c2_g2_i1	0	0	4	0	0	3
TRINITY_DN145287_c5_g1_i1	0	0	1	1	0	0
TRINITY_DN141874_c2_g3_i6	0	0	2	16	0	2
TRINITY_DN141808_c2_g4_i1	0	0	4	0	0	1
TRINITY_DN136127_c0_g1_i3	0	0	1	6	0	1
TRINITY_DN137657_c2_g1_i1	1	0	2	0	0	2
TRINITY_DN133276_c1_g1_i1	22	0	0	0	33	10
TRINITY_DN145036_c19_g2_i1	98	3	6	8316	0	21
TRINITY_DN141531_c3_g1_i2	0	0	11	0	0	3
TRINITY_DN138334_c3_g3_i2	0	0	1	4	0	1
TRINITY_DN134228_c1_g1_i1	2	0	0	0	85	0
TRINITY_DN141672_c0_g1_i2	0	0	1	3	0	0
TRINITY_DN143640_c3_g2_i3	4	0	0	0	70	0
TRINITY_DN138971_c1_g1_i10	0	0	1	1	0	2
TRINITY_DN144028_c0_g1_i5	0	2	12	0	5	0
TRINITY_DN136269_c9_g1_i1	3	0	0	2	5	0
TRINITY_DN143666_c5_g2_i6	2	14	2	54	0	3
TRINITY_DN142771_c0_g1_i1	0	0	7	6	0	2
TRINITY_DN143444_c6_g1_i4	0	20	1	7	3	6
TRINITY_DN609935_c12_g1_i1	1843	0	0	0	963	0
TRINITY_DN142532_c3_g1_i13	0	5	1	0	0	0
TRINITY_DN138390_c0_g1_i1	0	0	3	4	0	4
TRINITY_DN140414_c0_g2_i3	4	0	1	0	0	0
TRINITY_DN141808_c2_g2_i2	0	0	1	0	0	6
TRINITY_DN138728_c1_g3_i2	136	0	0	0	6	0
TRINITY_DN140708_c1_g2_i2	0	0	1	48	0	2
TRINITY_DN144119_c3_g1_i2	0	0	0	0	8	17
TRINITY_DN136639_c0_g1_i2	1	0	0	1	0	0
TRINITY_DN143169_c2_g1_i5	19	0	0	0	0	6
TRINITY_DN144025_c2_g1_i1	24	0	0	0	12	1
TRINITY_DN144242_c1_g1_i1	2	0	0	183	0	0
TRINITY_DN145564_c4_g2_i1	11	0	0	0	0	16
TRINITY_DN145291_c1_g1_i10	11	0	0	579	0	6
TRINITY_DN142463_c0_g1_i5	4	0	13	0	0	7
TRINITY_DN144056_c2_g3_i1	29	0	0	9	0	4
TRINITY_DN138850_c12_g1_i1	1	0	38	8	0	0
TRINITY_DN141151_c0_g4_i1	0	14	0	3	0	2
TRINITY_DN141388_c0_g1_i6	0	0	1	70	0	1
TRINITY_DN141022_c2_g2_i1	1	0	1	0	0	4
TRINITY_DN145295_c7_g1_i8	1	0	2	0	0	51
TRINITY_DN71717_c3_g1_i1	0	0	0	0	0	4
TRINITY_DN141334_c2_g2_i9	0	0	1	3	0	0
TRINITY_DN142309_c10_g1_i1	0	0	0	0	16	2
TRINITY_DN139471_c5_g2_i1	2	0	1	0	0	0
TRINITY_DN144929_c3_g1_i5	20	0	0	0	0	23
TRINITY_DN144751_c7_g1_i7	1	0	0	81	0	0
TRINITY_DN142264_c2_g2_i4	1	0	3	0	0	3
TRINITY_DN142030_c1_g1_i1	0	0	3	2	0	2
TRINITY_DN138119_c12_g1_i1	14	0	0	0	54	0
TRINITY_DN141394_c1_g6_i4	2	0	0	0	0	1
TRINITY_DN142102_c3_g5_i2	1	0	11	1	0	0
TRINITY_DN129681_c5_g2_i1	6	0	0	103	0	0
TRINITY_DN138740_c3_g9_i1	1	0	11	0	0	14
TRINITY_DN145472_c3_g1_i1	1	0	0	1220	0	6
TRINITY_DN144114_c2_g1_i1	14	0	2	1	0	7
TRINITY_DN141838_c0_g1_i1	2	0	1	0	0	2
TRINITY_DN131653_c0_g1_i2	1	0	2	0	0	1
TRINITY_DN144633_c0_g1_i1	26	0	1	1	0	1
TRINITY_DN144823_c1_g2_i1	3	0	25	0	2	0
TRINITY_DN139701_c6_g8_i1	0	0	1	0	0	2
TRINITY_DN145055_c4_g2_i2	9	0	0	0	0	4
TRINITY_DN138556_c5_g3_i1	0	0	8	2	0	7
TRINITY_DN131005_c0_g1_i1	0	0	6	0	0	8
TRINITY_DN144616_c7_g3_i13	6	0	1	1	0	10
TRINITY_DN140586_c3_g2_i2	36	0	0	0	0	7
TRINITY_DN143254_c1_g4_i1	0	0	2	0	0	1
TRINITY_DN141874_c2_g3_i3	1	0	0	17	0	3
TRINITY_DN141902_c1_g2_i6	14	0	0	0	0	18
TRINITY_DN140065_c1_g2_i1	2	0	1	3	0	0
TRINITY_DN139629_c4_g2_i1	0	0	1	0	0	1
TRINITY_DN138941_c3_g2_i6	1	0	2	0	0	2
TRINITY_DN137212_c2_g2_i6	2	0	1	17	0	0
TRINITY_DN31831_c2_g1_i1	4	0	0	447	0	0
TRINITY_DN138254_c2_g2_i9	1	0	1	0	0	1
TRINITY_DN144301_c0_g1_i2	0	0	4	0	0	8
TRINITY_DN145839_c0_g1_i20	4	0	0	618	0	5
TRINITY_DN137732_c1_g1_i2	0	0	2	0	0	3
TRINITY_DN145613_c28_g2_i1	0	43	11	1	4	5
TRINITY_DN138985_c9_g4_i4	1	0	0	24	0	1
TRINITY_DN139187_c3_g1_i1	5	0	0	127	0	1
TRINITY_DN140068_c5_g1_i8	0	0	0	3	16	2
TRINITY_DN139170_c0_g1_i4	1	0	3	0	0	0
TRINITY_DN138652_c4_g1_i8	0	0	0	2	0	1
TRINITY_DN96496_c9_g2_i2	19	0	4	4568	0	1
TRINITY_DN142303_c4_g1_i1	1	0	13	1	0	0
TRINITY_DN139690_c2_g2_i1	0	0	1	8	0	6
TRINITY_DN135907_c0_g1_i2	0	14	0	1	0	0
TRINITY_DN137880_c3_g1_i1	1	0	0	0	11	0
TRINITY_DN139515_c1_g1_i3	1	0	0	0	0	0
TRINITY_DN139515_c1_g1_i1	9	0	0	0	0	3
TRINITY_DN140485_c2_g1_i2	0	6	3	0	0	3
TRINITY_DN142761_c16_g2_i2	8	2	0	61	2	6
TRINITY_DN145376_c1_g1_i5	0	0	3	0	0	1
TRINITY_DN142324_c2_g1_i4	3	0	0	2	0	1
TRINITY_DN139422_c4_g1_i3	0	0	2	0	0	1
TRINITY_DN143035_c3_g7_i1	14	0	0	6	0	3
TRINITY_DN141260_c0_g2_i2	0	15	1	2	0	0
TRINITY_DN144616_c7_g2_i1	2	0	10	1	5	20
TRINITY_DN143072_c7_g3_i1	0	26	9	0	5	96
TRINITY_DN144144_c1_g1_i5	0	0	2	0	0	2
TRINITY_DN138844_c1_g1_i1	0	0	6	12	0	1
TRINITY_DN140548_c3_g1_i11	2	0	0	6	0	11
TRINITY_DN138881_c2_g4_i3	0	0	1	1	0	5
TRINITY_DN138347_c7_g1_i1	1	19	0	3	0	7
TRINITY_DN136144_c2_g7_i2	0	0	6	3	0	7
TRINITY_DN144357_c3_g1_i1	2	21	10	1	0	5
TRINITY_DN139704_c4_g1_i3	1	0	7	8	0	0
TRINITY_DN140391_c5_g3_i1	25	0	0	0	7	0
TRINITY_DN130824_c1_g1_i1	0	0	1	3	0	1
TRINITY_DN143617_c3_g1_i8	0	0	1	0	0	2
TRINITY_DN141726_c10_g6_i4	8	0	0	0	2	0
TRINITY_DN142480_c5_g4_i1	1	4	2	0	0	0
TRINITY_DN137920_c0_g1_i3	0	0	1	1	0	1
TRINITY_DN143846_c3_g1_i2	2	0	0	0	0	15
TRINITY_DN138940_c1_g5_i5	1	0	0	2	0	1
TRINITY_DN145571_c1_g1_i8	0	3	2	6	0	1
TRINITY_DN139255_c0_g1_i2	10	0	1	0	0	3
TRINITY_DN140013_c3_g10_i1	0	0	1	12	0	0
TRINITY_DN143590_c3_g1_i4	0	0	0	1	0	1
TRINITY_DN134398_c0_g1_i3	1	0	2	5	0	0
TRINITY_DN138282_c10_g1_i1	0	0	3	0	0	1
TRINITY_DN138709_c2_g2_i4	0	0	2	0	0	1
TRINITY_DN145247_c4_g1_i5	0	0	2	0	0	1
TRINITY_DN141425_c1_g4_i1	1	0	3	2	0	4
TRINITY_DN145373_c0_g1_i2	2	0	5	0	0	2
TRINITY_DN143011_c3_g3_i1	0	0	0	1	0	0
TRINITY_DN145227_c3_g1_i1	2	0	4	0	0	1
TRINITY_DN138785_c4_g1_i1	0	91	3	4	0	1
TRINITY_DN142465_c4_g2_i7	0	0	13	13	2	16
TRINITY_DN141582_c2_g2_i4	0	0	3	8	0	1
TRINITY_DN139761_c1_g1_i22	1	0	1	2	0	0
TRINITY_DN140823_c6_g1_i4	10	0	2	0	0	47
TRINITY_DN140352_c1_g1_i11	2	0	1	18	0	0
TRINITY_DN1312390_c4_g4_i1	0	0	0	0	197	1
TRINITY_DN140061_c4_g1_i1	0	0	2	0	0	1
TRINITY_DN145297_c11_g1_i1	7	0	1	0	0	0
TRINITY_DN140704_c1_g1_i1	1	0	4	0	0	0
TRINITY_DN142927_c7_g2_i1	1	0	5	18	0	0
TRINITY_DN142474_c3_g1_i1	1	0	0	0	0	99
TRINITY_DN142116_c1_g1_i3	0	0	0	3	0	1
TRINITY_DN144731_c2_g1_i1	2	0	1	43	0	0
TRINITY_DN145261_c61_g1_i1	18	18	33	44	0	8
TRINITY_DN138863_c0_g5_i2	0	0	1	4	4	1
TRINITY_DN138272_c6_g1_i11	5	0	0	0	0	4
TRINITY_DN145230_c4_g10_i1	3	0	30	0	31	0
TRINITY_DN145291_c1_g1_i13	13	0	0	605	0	11
TRINITY_DN142020_c0_g1_i1	0	0	2	1	0	1
TRINITY_DN140607_c1_g4_i1	0	0	1	2	0	0
TRINITY_DN139961_c3_g1_i2	0	0	10	34	0	9
TRINITY_DN144097_c8_g2_i4	0	0	11	0	0	1
TRINITY_DN144098_c0_g1_i1	1	0	1	2	0	0
TRINITY_DN144628_c2_g3_i2	1	17	1	3	0	4
TRINITY_DN139831_c4_g1_i13	1	0	1	0	0	0
TRINITY_DN138179_c0_g1_i1	2	0	1	0	0	0
TRINITY_DN136301_c1_g1_i1	0	0	0	0	0	2
TRINITY_DN140008_c0_g1_i2	0	0	1	1	0	1
TRINITY_DN135341_c1_g1_i1	19	0	0	0	13	0
TRINITY_DN143469_c1_g1_i1	0	0	2	2	0	2
TRINITY_DN141260_c0_g2_i1	0	0	0	3	0	1
TRINITY_DN144878_c1_g1_i1	16	71	15	19	1	11
TRINITY_DN139325_c5_g1_i3	0	0	1	2	8	1
TRINITY_DN142104_c0_g1_i3	8	0	2	0	0	20
TRINITY_DN142332_c3_g6_i1	0	0	0	0	0	3
TRINITY_DN143492_c6_g3_i1	7	10	27	0	0	181
TRINITY_DN142307_c1_g2_i1	0	0	3	3	0	0
TRINITY_DN142665_c2_g4_i1	0	0	1	0	0	3
TRINITY_DN139628_c2_g1_i1	1	0	0	40	2	0
TRINITY_DN142400_c4_g1_i1	18	0	1	0	0	7
TRINITY_DN140166_c2_g1_i1	0	1	2	4	0	0
TRINITY_DN145621_c15_g1_i9	4	0	4	136	0	8
TRINITY_DN136398_c0_g1_i1	0	0	2	5	0	1
TRINITY_DN135698_c2_g1_i8	1	0	6	6	0	3
TRINITY_DN143543_c3_g1_i1	1	0	0	0	0	2
TRINITY_DN144063_c5_g2_i1	0	99	7	0	30	38
TRINITY_DN129944_c1_g4_i1	1	0	0	0	39	0
TRINITY_DN142927_c7_g5_i3	25	0	0	0	0	7
TRINITY_DN136768_c8_g1_i1	2	0	1	0	0	0
TRINITY_DN137395_c11_g3_i5	0	0	0	1	13	0
TRINITY_DN144825_c5_g1_i3	1	0	0	3	0	4
TRINITY_DN142823_c1_g1_i2	0	0	0	0	13	4
TRINITY_DN143231_c5_g1_i1	2	0	0	0	0	6
TRINITY_DN141448_c2_g1_i8	0	0	0	17	0	2
TRINITY_DN114244_c5_g1_i1	0	0	19	3	0	11
TRINITY_DN145093_c3_g1_i1	32	0	16	0	0	19
TRINITY_DN144754_c1_g1_i5	7	0	0	0	0	1
TRINITY_DN139138_c8_g2_i4	0	4	6	9	0	2
TRINITY_DN136267_c0_g1_i3	0	0	3	1	0	1
TRINITY_DN138267_c7_g2_i5	0	20	0	0	0	1
TRINITY_DN143227_c3_g4_i5	1	0	0	2	0	0
TRINITY_DN137514_c2_g2_i1	1	0	0	9	0	0
TRINITY_DN142544_c1_g1_i1	0	0	0	1	0	8
TRINITY_DN141652_c4_g1_i1	2	0	0	0	0	3
TRINITY_DN141391_c4_g1_i5	3	0	0	2	0	0
TRINITY_DN144146_c5_g3_i2	3	0	37	7	0	0
TRINITY_DN145601_c1_g1_i10	3	0	0	291	0	2
TRINITY_DN137919_c11_g3_i4	0	0	2	0	0	19
TRINITY_DN1088_c3_g1_i1	1	0	37	3	0	2
TRINITY_DN143444_c5_g1_i2	0	0	1	2	0	7
TRINITY_DN138679_c3_g2_i7	0	0	3	0	2	6
TRINITY_DN137032_c9_g7_i1	0	0	2	0	35	0
TRINITY_DN139138_c8_g4_i1	3	0	4	0	0	1
TRINITY_DN143169_c2_g1_i1	18	0	0	0	0	5
TRINITY_DN140005_c0_g2_i1	1	0	2	1	0	1
TRINITY_DN142922_c6_g1_i1	0	0	6	42	0	61
TRINITY_DN143755_c4_g1_i1	2	0	0	0	0	1
TRINITY_DN138635_c4_g2_i2	2	7	1	0	0	4
TRINITY_DN145323_c2_g1_i1	6	61	8	17	0	41
TRINITY_DN142012_c1_g3_i1	0	21	0	4	0	3
TRINITY_DN144616_c7_g3_i6	27	3	4	137	2	117
TRINITY_DN144465_c6_g1_i3	37	0	1	2	0	26
TRINITY_DN136196_c0_g1_i3	0	0	2	5	0	1
TRINITY_DN145420_c0_g1_i4	6	0	1	0	0	0
TRINITY_DN62433_c3_g3_i1	116	0	0	0	43	0
TRINITY_DN129999_c1_g1_i1	3	0	0	0	0	11
TRINITY_DN134758_c2_g4_i1	8	0	0	0	9	0
TRINITY_DN143848_c1_g1_i3	23	0	13	3	0	0
TRINITY_DN130020_c0_g1_i1	0	0	0	3	0	10
TRINITY_DN122949_c0_g1_i1	2	0	0	0	0	8
TRINITY_DN143114_c5_g2_i1	0	0	1	0	0	1
TRINITY_DN143836_c4_g1_i1	3	28	0	201	0	0
TRINITY_DN141788_c2_g2_i2	6	0	3	0	0	20
TRINITY_DN140366_c1_g4_i1	0	0	3	5	0	0
TRINITY_DN145074_c4_g2_i13	6	0	0	0	0	5
TRINITY_DN132784_c0_g1_i1	2	0	0	0	30	0
TRINITY_DN138237_c8_g5_i2	0	0	3	0	0	1
TRINITY_DN137541_c2_g1_i1	1	0	1	1	0	0
TRINITY_DN141236_c5_g1_i2	1	0	0	2	0	1
TRINITY_DN141510_c2_g1_i1	0	9	1	0	0	1
TRINITY_DN144883_c92_g1_i1	0	10	17	83	7707	147
TRINITY_DN145227_c2_g1_i1	105	0	0	0	0	79
TRINITY_DN142590_c2_g1_i1	0	0	6	0	1	2
TRINITY_DN140268_c6_g1_i1	23	0	2	126	0	2
TRINITY_DN272079_c0_g1_i1	16	0	0	0	0	5
TRINITY_DN143181_c2_g5_i1	1	16	3	0	0	6
TRINITY_DN135855_c0_g1_i3	4	0	0	1	0	0
TRINITY_DN137188_c1_g7_i2	0	0	1	86	0	1
TRINITY_DN145645_c0_g1_i14	1	0	1	1	0	0
TRINITY_DN144073_c4_g3_i3	0	44	4	14	0	4
TRINITY_DN138230_c1_g2_i2	8	0	0	0	35	0
TRINITY_DN139212_c14_g2_i1	0	0	75	2	0	2
TRINITY_DN144417_c0_g2_i2	1	0	2	1	0	0
TRINITY_DN140717_c5_g3_i4	0	0	5	1	0	0
TRINITY_DN135914_c2_g2_i3	1	17	1	0	0	0
TRINITY_DN145347_c5_g1_i1	2	0	0	1115	0	16
TRINITY_DN141768_c0_g2_i2	2	0	0	0	0	4
TRINITY_DN141742_c3_g3_i3	0	21	3	0	0	1
TRINITY_DN133166_c2_g1_i1	0	19	4	7	0	1
TRINITY_DN132340_c0_g1_i2	0	0	0	0	8	3
TRINITY_DN140475_c4_g1_i7	0	0	3	5	0	6
TRINITY_DN139076_c1_g2_i8	0	0	1	4	0	4
TRINITY_DN139938_c3_g1_i1	1	4	1	3	0	0
TRINITY_DN144240_c12_g2_i1	0	12	0	8	0	5
TRINITY_DN145854_c3_g1_i2	37	0	1	105	4	13
TRINITY_DN140101_c3_g3_i5	0	0	2	1	0	1
TRINITY_DN145736_c2_g5_i4	2	0	0	1	0	2
TRINITY_DN145595_c1_g1_i27	56	0	0	83	0	24
TRINITY_DN142741_c2_g2_i1	0	14	3	5	0	0
TRINITY_DN142809_c8_g1_i3	0	0	0	0	0	3
TRINITY_DN142146_c3_g2_i7	2	28	16	6	0	13
TRINITY_DN141713_c1_g2_i3	0	8	1	0	0	0
TRINITY_DN142455_c4_g1_i3	0	0	3	0	0	2
TRINITY_DN135572_c5_g1_i3	105	0	0	0	118	0
TRINITY_DN143899_c4_g1_i2	8	27	8	11	0	43
TRINITY_DN140774_c3_g3_i4	0	0	0	25	14	0
TRINITY_DN143451_c2_g1_i8	1	8	3	2	0	0
TRINITY_DN136156_c0_g2_i2	0	5	1	0	0	22
TRINITY_DN143611_c2_g2_i3	0	0	2	0	0	2
TRINITY_DN137133_c9_g1_i1	2	89	0	92	0	0
TRINITY_DN143929_c3_g1_i5	0	0	1	1	0	0
TRINITY_DN140995_c5_g1_i1	8	0	0	0	0	49
TRINITY_DN145368_c2_g1_i4	3	11	0	0	0	1
TRINITY_DN144606_c1_g1_i1	0	14	5	0	0	6
TRINITY_DN139829_c3_g4_i1	0	26	0	1	0	1
TRINITY_DN140847_c3_g1_i3	14	0	1	24	0	1
TRINITY_DN144270_c3_g1_i2	1	0	2	1	0	0
TRINITY_DN143020_c2_g1_i2	0	0	1	0	0	14
TRINITY_DN138211_c6_g4_i1	1	0	0	0	74	0
TRINITY_DN140720_c2_g2_i1	15	0	0	0	0	1
TRINITY_DN144690_c1_g2_i9	122	0	5	176	0	38
TRINITY_DN138694_c0_g1_i4	0	0	2	0	0	3
TRINITY_DN143907_c11_g14_i1	0	3	1	0	0	1
TRINITY_DN142659_c1_g4_i4	0	0	6	1	0	3
TRINITY_DN137631_c5_g1_i2	1	0	1	7	0	0
TRINITY_DN139245_c3_g3_i1	0	0	4	0	0	4
TRINITY_DN144196_c3_g1_i2	7	0	0	0	3	1
TRINITY_DN139453_c3_g1_i4	0	0	1	1	0	2
TRINITY_DN137016_c3_g1_i1	2	0	2	2	0	0
TRINITY_DN144363_c0_g1_i1	24	0	0	0	6	0
TRINITY_DN142694_c6_g2_i1	0	0	2	17	0	1
TRINITY_DN136882_c2_g2_i6	0	0	1	14	0	1
TRINITY_DN140086_c3_g3_i2	3	0	0	0	0	3
TRINITY_DN141725_c1_g1_i6	3	0	0	0	0	1
TRINITY_DN133842_c2_g1_i1	1	0	0	29	0	0
TRINITY_DN144834_c5_g1_i9	0	0	0	44	0	2
TRINITY_DN139550_c4_g1_i3	0	0	3	0	1	0
TRINITY_DN137912_c0_g2_i1	6	0	0	0	3	0
TRINITY_DN130658_c0_g2_i2	1	0	1	1	0	0
TRINITY_DN145420_c0_g1_i9	0	0	57	0	0	1
TRINITY_DN145843_c6_g1_i1	19	0	2	452	0	53
TRINITY_DN143511_c0_g1_i1	2	0	2	0	0	1
TRINITY_DN145216_c2_g1_i2	1	1	0	1	0	4
TRINITY_DN145394_c1_g1_i1	0	0	16	10	0	4
TRINITY_DN143262_c0_g2_i1	0	0	2	0	0	3
TRINITY_DN141128_c1_g1_i3	0	13	1	0	0	4
TRINITY_DN135288_c5_g1_i8	1	0	1	109	0	0
TRINITY_DN139614_c3_g1_i6	2	3	0	0	9	0
TRINITY_DN144533_c8_g4_i2	1	0	0	0	0	1
TRINITY_DN140243_c7_g1_i3	0	0	2	0	7	44
TRINITY_DN137174_c3_g3_i1	0	0	2	0	0	1
TRINITY_DN141219_c1_g1_i1	0	0	4	3	0	4
TRINITY_DN136269_c9_g1_i4	2	0	0	0	0	0
TRINITY_DN133076_c0_g4_i1	1	0	2	42	0	30
TRINITY_DN144266_c8_g1_i1	19	0	0	325	0	5
TRINITY_DN136700_c0_g1_i2	2	0	1	1	0	16
TRINITY_DN145277_c0_g1_i2	0	0	3	0	2	1
TRINITY_DN137397_c4_g2_i2	0	15	13	7	0	6
TRINITY_DN145391_c5_g1_i8	19	0	0	0	0	41
TRINITY_DN140823_c6_g1_i1	9	0	0	0	6	60
TRINITY_DN139970_c6_g1_i1	1	0	0	0	13	2
TRINITY_DN133542_c3_g1_i2	0	0	0	0	0	1
TRINITY_DN141178_c4_g3_i1	1	0	0	0	0	3
TRINITY_DN135123_c0_g1_i4	0	0	1	3	0	2
TRINITY_DN136903_c2_g1_i4	1	0	0	0	0	6
TRINITY_DN136045_c2_g5_i1	21	0	0	0	0	1
TRINITY_DN143516_c6_g2_i1	0	0	0	36	22	0
TRINITY_DN135716_c0_g2_i2	0	0	0	0	17	1
TRINITY_DN142852_c9_g5_i3	5	36	16	32	0	1
TRINITY_DN144709_c2_g1_i1	0	0	5	0	32	5
TRINITY_DN138800_c3_g3_i4	0	0	1	1	0	0
TRINITY_DN144914_c5_g1_i1	2	0	0	453	0	2
TRINITY_DN141838_c0_g1_i4	0	0	1	0	0	19
TRINITY_DN144978_c2_g1_i6	6	3	0	0	0	3
TRINITY_DN136790_c2_g1_i3	3	0	1	0	0	21
TRINITY_DN143754_c2_g2_i2	0	0	1	0	0	6
TRINITY_DN145700_c5_g7_i2	0	0	1	1	0	8
TRINITY_DN137696_c1_g1_i1	0	0	0	1	0	1
TRINITY_DN140129_c4_g1_i1	6	0	0	0	2	0
TRINITY_DN144673_c2_g1_i5	3	0	0	2325	0	12
TRINITY_DN140639_c5_g1_i6	0	0	1	1	0	3
TRINITY_DN145744_c0_g1_i1	0	58	0	0	0	0
TRINITY_DN144381_c4_g1_i2	2	0	2	29	0	0
TRINITY_DN143671_c3_g1_i2	16	0	0	0	16	0
TRINITY_DN144963_c0_g2_i2	2	0	0	0	0	11
TRINITY_DN142012_c1_g1_i2	1	0	3	21	0	5
TRINITY_DN144986_c2_g1_i3	9	145	29	0	0	14
TRINITY_DN1092981_c3_g1_i1	3	0	0	694	0	12
TRINITY_DN145289_c1_g1_i1	1	1	6	1	3	3
TRINITY_DN141822_c4_g2_i7	2	0	1	0	0	0
TRINITY_DN141151_c0_g1_i1	0	0	1	1	0	1
TRINITY_DN138354_c0_g1_i1	0	0	5	0	0	5
TRINITY_DN145289_c1_g1_i4	1	0	4	0	0	1
TRINITY_DN137880_c3_g3_i1	11	0	0	0	34	0
TRINITY_DN142259_c2_g3_i3	0	0	5	5	0	2
TRINITY_DN1090374_c0_g1_i1	0	39	3	2	0	0
TRINITY_DN134140_c1_g1_i3	1	0	0	16	0	1
TRINITY_DN1091132_c10_g1_i1	62	0	1	4601	0	26
TRINITY_DN143273_c2_g1_i1	4	0	1	1	0	8
TRINITY_DN141973_c7_g1_i4	0	0	0	2	0	14
TRINITY_DN138059_c1_g1_i5	2	8	2	0	0	1
TRINITY_DN144236_c2_g1_i4	0	0	1	63	0	0
TRINITY_DN142573_c3_g1_i6	0	0	3	8	0	1
TRINITY_DN141378_c1_g2_i2	7	0	0	0	0	13
TRINITY_DN140528_c2_g1_i6	1	0	1	0	0	1
TRINITY_DN143993_c3_g2_i1	9	0	0	108	0	1
TRINITY_DN143113_c1_g1_i2	0	0	0	2	0	1
TRINITY_DN137632_c0_g2_i1	0	0	1	5	0	0
TRINITY_DN143445_c4_g2_i2	31	0	0	280	19	1
TRINITY_DN140616_c0_g4_i2	1	0	0	0	7	0
TRINITY_DN144518_c0_g1_i3	5	0	1	29	0	0
TRINITY_DN138732_c2_g3_i2	0	0	0	5	0	5
TRINITY_DN143140_c4_g1_i2	3	0	1	1	0	2
TRINITY_DN96906_c0_g1_i1	10	0	9	0	0	14
TRINITY_DN133180_c1_g2_i2	2	0	0	0	13	0
TRINITY_DN137860_c6_g1_i1	2	0	0	0	140	0
TRINITY_DN145433_c3_g1_i2	1	0	0	1	0	2
TRINITY_DN136209_c1_g1_i4	0	0	1	0	0	1
TRINITY_DN144897_c3_g1_i5	14	1	25	0	0	0
TRINITY_DN142611_c11_g1_i3	0	0	5	0	9	2
TRINITY_DN138941_c3_g2_i3	0	0	3	1	0	3
TRINITY_DN143971_c2_g11_i1	0	0	1	5	0	2
TRINITY_DN137030_c0_g2_i2	1	0	1	0	0	1
TRINITY_DN144369_c5_g1_i1	35	3	1	0	0	7
TRINITY_DN144381_c4_g1_i3	1	0	3	18	0	0
TRINITY_DN137523_c1_g2_i1	0	0	3	18	0	1
TRINITY_DN139345_c0_g2_i1	37	0	2	58	0	17
TRINITY_DN145429_c4_g2_i4	0	0	2	0	0	4
TRINITY_DN103099_c4_g1_i1	1	0	1	0	82	0
TRINITY_DN144240_c12_g1_i10	1	0	3	1	0	3
TRINITY_DN144485_c5_g7_i1	1	8	3	0	0	3
TRINITY_DN140509_c4_g1_i5	2	0	0	177	0	1
TRINITY_DN137329_c1_g5_i1	0	0	1	0	0	1
TRINITY_DN140308_c1_g1_i2	0	4	0	3	0	0
TRINITY_DN138738_c0_g2_i4	1	2	0	6	0	1
TRINITY_DN145726_c3_g1_i1	4	0	0	0	0	0
TRINITY_DN144514_c0_g1_i11	0	0	0	6	0	1
TRINITY_DN144643_c3_g1_i1	2	0	1	23	0	8
TRINITY_DN145195_c14_g3_i2	0	0	12	0	0	10
TRINITY_DN142424_c1_g1_i2	0	0	0	1	0	71
TRINITY_DN143227_c1_g1_i1	4	0	0	0	2	0
TRINITY_DN137962_c0_g1_i1	1	2	0	5	0	0
TRINITY_DN138775_c0_g1_i1	1	0	3	20	0	0
TRINITY_DN613669_c2_g1_i2	83	0	0	10	0	4
TRINITY_DN138228_c0_g1_i14	1	0	1	0	0	1
TRINITY_DN136689_c2_g6_i1	1	0	1	0	0	2
TRINITY_DN141129_c2_g1_i1	1	0	0	0	0	4
TRINITY_DN141358_c20_g5_i1	26	1	1	0	238	1
TRINITY_DN138922_c0_g2_i2	0	0	1	0	1	0
TRINITY_DN145477_c0_g1_i4	8	0	2	0	0	0
TRINITY_DN138983_c0_g1_i1	0	0	1	1	0	10
TRINITY_DN138878_c2_g2_i1	0	0	3	4	0	3
TRINITY_DN131494_c0_g1_i1	0	0	1	3	0	0
TRINITY_DN142880_c2_g5_i2	0	0	9	1	45	18
TRINITY_DN139330_c0_g4_i1	1	0	1	8	0	0
TRINITY_DN142388_c1_g1_i3	1	0	1	2	0	0
TRINITY_DN143241_c0_g1_i4	1	0	0	0	0	1
TRINITY_DN136121_c0_g1_i4	5	0	1	0	0	10
TRINITY_DN141629_c0_g1_i4	4	0	0	10	0	23
TRINITY_DN134571_c44_g1_i3	212	54	139	741	8	747
TRINITY_DN136928_c6_g3_i1	0	0	10	8	0	6
TRINITY_DN140265_c2_g1_i1	30	0	0	0	0	18
TRINITY_DN143011_c1_g4_i1	4	0	1	0	0	1
TRINITY_DN112535_c0_g1_i1	1	0	1	0	0	1
TRINITY_DN145435_c1_g1_i3	10	0	35	0	5	2
TRINITY_DN141815_c7_g2_i1	1	0	1	10	0	0
TRINITY_DN145036_c19_g2_i4	375	11	0	4	0	25
TRINITY_DN144558_c2_g1_i2	2	0	1	0	0	0
TRINITY_DN143242_c2_g2_i1	0	0	4	0	0	1
TRINITY_DN143682_c5_g1_i1	17	0	0	2	0	56
TRINITY_DN140347_c7_g1_i3	1	0	0	4	0	6
TRINITY_DN137344_c2_g2_i2	1	0	4	5	0	1
TRINITY_DN142526_c4_g1_i1	1	0	0	0	0	2
TRINITY_DN141482_c1_g1_i2	1	0	0	0	0	1
TRINITY_DN144330_c11_g1_i1	5	0	1	0	0	0
TRINITY_DN136851_c1_g4_i1	0	0	1	8	0	1
TRINITY_DN145168_c5_g1_i1	17	0	0	3	0	18
TRINITY_DN141161_c0_g2_i2	0	27	9	0	0	8
TRINITY_DN146117_c4_g1_i1	0	20	26	0	0	185
TRINITY_DN140243_c4_g1_i1	1	0	0	0	0	2
TRINITY_DN137146_c0_g1_i2	0	0	2	3	0	3
TRINITY_DN145462_c0_g1_i7	24	1	1	3	0	22
TRINITY_DN143102_c4_g1_i8	2	0	0	9	0	0
TRINITY_DN143376_c8_g5_i2	0	0	1	0	12	0
TRINITY_DN141955_c1_g2_i9	0	8	0	3	0	0
TRINITY_DN144357_c3_g2_i1	0	4	2	1	0	1
TRINITY_DN140823_c6_g1_i3	1	0	1	0	19	11
TRINITY_DN144908_c1_g1_i2	0	0	1	0	0	1
TRINITY_DN145403_c3_g1_i1	23	1	1	0	20	12
TRINITY_DN142552_c4_g4_i5	1	0	0	1	0	0
TRINITY_DN120464_c0_g1_i1	2	0	0	19	0	1
TRINITY_DN140896_c2_g1_i6	2	0	0	2	0	1
TRINITY_DN143442_c3_g8_i1	2	0	34	5	0	0
TRINITY_DN613669_c2_g1_i1	49	0	6	0	1	0
TRINITY_DN140383_c9_g3_i2	1	91	3	1	0	5
TRINITY_DN141610_c6_g4_i1	1	0	17	0	0	1
TRINITY_DN144894_c1_g3_i4	122	0	0	0	0	382
TRINITY_DN137634_c0_g9_i1	1	0	1	0	0	1
TRINITY_DN103797_c1_g2_i1	4	0	0	172	0	1
TRINITY_DN141259_c3_g4_i3	18	9	2	25	17	39
TRINITY_DN145098_c6_g1_i1	83	0	1	0	0	24
TRINITY_DN141388_c0_g1_i5	7	0	0	6	0	0
TRINITY_DN134023_c3_g2_i4	19	0	0	0	2	0
TRINITY_DN142384_c1_g1_i2	1	0	5	0	0	1
TRINITY_DN143863_c3_g1_i1	0	0	0	66	0	1
TRINITY_DN134228_c1_g1_i3	3	0	0	0	0	1
TRINITY_DN139632_c5_g5_i2	5	0	0	0	0	2
TRINITY_DN141135_c3_g1_i2	0	0	1	9	0	1
TRINITY_DN142228_c6_g1_i1	25	42	1	0	0	2
TRINITY_DN145645_c0_g1_i6	5	0	0	4	5	0
TRINITY_DN143954_c2_g6_i1	0	0	1	0	0	42
TRINITY_DN138422_c13_g3_i1	0	0	98	0	0	5
TRINITY_DN143384_c0_g1_i1	1	57	0	3	0	0
TRINITY_DN139737_c0_g1_i5	1	0	0	3	0	0
TRINITY_DN145752_c9_g3_i1	11	0	1	0	4	30
TRINITY_DN141768_c0_g2_i1	5	0	1	0	5	19
TRINITY_DN138350_c4_g1_i12	1	0	1	3	0	1
TRINITY_DN142945_c4_g8_i1	20	0	0	0	0	9
TRINITY_DN140599_c0_g1_i12	0	2	0	1	0	2
TRINITY_DN144009_c5_g1_i1	2	0	0	0	0	13
TRINITY_DN140755_c12_g6_i2	0	0	0	1	0	2
TRINITY_DN131881_c0_g1_i2	0	0	1	1	0	0
TRINITY_DN144834_c5_g1_i6	2	0	0	0	2	10
TRINITY_DN144887_c2_g1_i4	2	0	0	0	0	39
TRINITY_DN145016_c4_g1_i1	3	0	5	0	0	7
TRINITY_DN140838_c5_g3_i3	0	0	3	0	0	5
TRINITY_DN140597_c1_g8_i2	0	2	0	179	0	13
TRINITY_DN143451_c2_g1_i7	0	0	0	7	0	1
TRINITY_DN142868_c6_g2_i2	1	8	1	0	0	2
TRINITY_DN140687_c1_g1_i1	0	5	1	6	0	0
TRINITY_DN141265_c2_g3_i2	0	0	3	2	0	0
TRINITY_DN143223_c0_g1_i3	0	0	1	2	0	0
TRINITY_DN142605_c3_g1_i1	78	0	0	0	0	10
TRINITY_DN140330_c1_g1_i1	8	0	0	0	45	0
TRINITY_DN137364_c2_g7_i2	1	0	1	0	0	0
TRINITY_DN144870_c0_g2_i5	1	0	3	1	0	0
TRINITY_DN138785_c4_g2_i1	1	0	3	4	0	0
TRINITY_DN144056_c2_g3_i3	5	0	0	4	0	2
TRINITY_DN144937_c0_g1_i11	2	0	8	0	0	46
TRINITY_DN132197_c0_g2_i2	0	0	2	0	0	2
TRINITY_DN139143_c5_g2_i5	0	0	1	6	0	2
TRINITY_DN144422_c2_g1_i3	0	0	2	0	2	0
TRINITY_DN141815_c7_g3_i1	1	89	0	1	0	0
TRINITY_DN143949_c4_g1_i1	1	0	2	0	0	22
TRINITY_DN141229_c3_g2_i3	0	0	1	2	0	1
TRINITY_DN141358_c25_g1_i1	16	0	0	0	140	0
TRINITY_DN140703_c2_g1_i4	0	0	1	2	0	0
TRINITY_DN144384_c5_g1_i3	2	0	1	2	0	5
TRINITY_DN141328_c5_g1_i3	4	0	2	2	1	5
TRINITY_DN143020_c2_g8_i1	4	0	3	0	0	23
TRINITY_DN145646_c3_g3_i2	6	0	0	0	11	0
TRINITY_DN145826_c7_g1_i1	137	0	0	0	0	19
TRINITY_DN143169_c2_g1_i4	4	0	3	0	0	0
TRINITY_DN142178_c2_g1_i2	23	1	1	26	3	4
TRINITY_DN144558_c2_g1_i1	10	0	0	0	4	0
TRINITY_DN144896_c5_g1_i4	2	0	1	0	0	1
TRINITY_DN142165_c1_g1_i2	7	0	0	0	1	0
TRINITY_DN138556_c5_g3_i2	1	21	0	1	0	0
TRINITY_DN139225_c1_g2_i1	4	0	0	0	4	0
TRINITY_DN142324_c2_g1_i3	11	0	0	0	0	17
TRINITY_DN143516_c6_g1_i3	1	0	1	24	0	0
TRINITY_DN145014_c1_g1_i1	1	0	0	1	0	10
TRINITY_DN136079_c1_g2_i2	0	0	1	1	0	0
TRINITY_DN141763_c1_g3_i5	1	0	1	0	0	5
TRINITY_DN142726_c5_g4_i1	2	0	0	0	100	0
TRINITY_DN145046_c5_g1_i3	0	0	16	0	0	1
TRINITY_DN144666_c2_g1_i1	1	0	1	1	0	1
TRINITY_DN144780_c1_g1_i1	0	0	1	0	0	6
TRINITY_DN139943_c1_g3_i1	4	0	0	0	7	0
TRINITY_DN144097_c8_g2_i5	0	0	0	1	0	1
TRINITY_DN145389_c1_g1_i12	0	0	7	1	0	2
TRINITY_DN73469_c1_g1_i1	5	0	0	0	0	2
TRINITY_DN142905_c2_g1_i3	1	0	0	0	0	2
TRINITY_DN145429_c4_g2_i2	8	0	2	0	0	3
TRINITY_DN138543_c2_g6_i1	29	1	1	0	0	2
TRINITY_DN145245_c6_g1_i5	33	0	0	0	14	8
TRINITY_DN143846_c3_g1_i1	1	0	1	0	0	1
TRINITY_DN138764_c4_g1_i1	0	0	3	2	0	3
TRINITY_DN145162_c1_g1_i6	4	0	0	0	0	3
TRINITY_DN383896_c2_g1_i1	17	0	1	0	0	1
TRINITY_DN143105_c9_g1_i1	11	5	0	1	0	14
TRINITY_DN140729_c6_g2_i6	1	0	1	0	0	2
TRINITY_DN139127_c3_g1_i1	0	0	0	2	0	2
TRINITY_DN142148_c11_g5_i1	4	0	0	0	7	0
TRINITY_DN141811_c1_g1_i1	0	8	0	31	0	0
TRINITY_DN137182_c1_g3_i1	1	0	2	0	0	4
TRINITY_DN139203_c2_g1_i1	4	0	0	0	26	0
TRINITY_DN142619_c1_g1_i15	1	0	1	5	0	0
TRINITY_DN144440_c1_g1_i2	7	316	76	14	69	53
TRINITY_DN139042_c1_g2_i4	2	5	8	37	0	7
TRINITY_DN138815_c3_g2_i1	0	0	2	2	22	1
TRINITY_DN147279_c1_g1_i1	2	0	0	0	0	189
TRINITY_DN143123_c1_g2_i7	6	0	0	0	0	8
TRINITY_DN144640_c17_g5_i2	2	0	107	0	0	26
TRINITY_DN136262_c1_g8_i3	0	0	1	1	19	2
TRINITY_DN140710_c1_g1_i13	0	0	1	1	0	1
TRINITY_DN139508_c2_g1_i1	0	0	1	0	4	1
TRINITY_DN137375_c0_g1_i2	8	0	0	0	0	3
TRINITY_DN139392_c3_g11_i1	7	0	0	0	16	0
TRINITY_DN143429_c7_g1_i1	1	0	0	0	0	7
TRINITY_DN140599_c0_g1_i7	0	0	4	4	0	1
TRINITY_DN139716_c4_g2_i2	0	0	1	0	0	1
TRINITY_DN137395_c12_g1_i2	0	0	0	1	3	0
TRINITY_DN1312992_c2_g1_i1	2	0	0	0	165	0
TRINITY_DN143079_c6_g1_i3	2	0	4	0	0	4
TRINITY_DN144151_c1_g7_i2	1	0	1	0	0	2
TRINITY_DN141489_c0_g1_i9	0	0	1	2	0	0
TRINITY_DN140724_c3_g2_i1	0	33	4	0	0	12
TRINITY_DN136655_c3_g1_i1	0	29	0	0	0	2
TRINITY_DN145137_c2_g1_i3	0	0	0	0	14	3
TRINITY_DN384726_c3_g1_i1	62	0	3	0	3	90
TRINITY_DN143326_c2_g3_i1	1	0	1	1	0	14
TRINITY_DN141720_c0_g4_i3	0	0	1	0	0	1
TRINITY_DN140367_c17_g6_i3	0	106	15	15	0	7
TRINITY_DN130955_c0_g1_i1	0	0	0	0	0	1
TRINITY_DN145444_c0_g1_i1	88	0	0	0	0	164
TRINITY_DN141414_c2_g2_i6	0	0	0	3	0	1
TRINITY_DN139281_c7_g2_i1	0	0	1	0	0	1
TRINITY_DN151468_c5_g1_i1	0	0	95	1	0	3
TRINITY_DN142000_c5_g1_i2	1	0	0	0	0	1
TRINITY_DN140878_c2_g1_i5	6	0	0	0	18	0
TRINITY_DN131245_c0_g1_i3	0	5	1	0	0	0
TRINITY_DN139980_c3_g1_i6	2	0	0	0	11	2
TRINITY_DN141831_c0_g1_i3	1	0	1	0	0	0
TRINITY_DN129147_c0_g1_i2	4	0	0	5	0	0
TRINITY_DN136893_c3_g3_i1	0	0	3	9	0	5
TRINITY_DN143163_c3_g1_i7	0	0	0	25	0	1
TRINITY_DN131740_c0_g1_i1	0	0	0	1	0	2
TRINITY_DN143899_c4_g1_i6	2	0	1	0	0	2
TRINITY_DN137109_c2_g1_i1	0	0	0	2	0	1
TRINITY_DN144713_c3_g1_i4	3	0	0	0	0	23
TRINITY_DN143832_c0_g1_i6	0	0	11	0	2	1
TRINITY_DN145295_c7_g1_i3	0	0	1	0	0	5
TRINITY_DN105283_c0_g1_i1	0	0	0	1	0	1
TRINITY_DN141973_c7_g1_i11	2	0	0	0	0	2
TRINITY_DN144368_c1_g1_i3	0	0	3	8	0	1
TRINITY_DN139138_c8_g4_i2	0	0	1	0	0	0
TRINITY_DN137697_c1_g1_i1	0	6	0	1	0	1
TRINITY_DN144836_c3_g7_i1	1	0	0	40	0	0
TRINITY_DN138067_c2_g1_i1	1	0	1	3	2	6
TRINITY_DN139823_c1_g1_i2	0	0	1	21	0	0
TRINITY_DN142320_c1_g1_i1	9	0	0	0	0	10
TRINITY_DN144448_c2_g1_i3	0	26	10	0	0	3
TRINITY_DN54098_c1_g1_i1	6	0	0	0	0	29
TRINITY_DN139978_c4_g1_i2	0	0	6	7	0	6
TRINITY_DN111527_c0_g1_i1	1	0	0	0	0	7
TRINITY_DN145138_c0_g1_i1	0	0	5	0	0	6
TRINITY_DN135615_c2_g1_i2	33	0	2	0	12	8
TRINITY_DN139836_c6_g1_i1	4	0	8	1	0	4
TRINITY_DN145406_c2_g1_i2	37	0	0	0	0	21
TRINITY_DN143383_c0_g7_i3	43	7	4	241	0	46
TRINITY_DN139829_c3_g1_i1	0	0	0	12	0	1
TRINITY_DN139401_c4_g1_i9	1	0	0	3	0	2
TRINITY_DN142041_c4_g4_i4	1	0	2	1	0	8
TRINITY_DN138395_c2_g1_i7	0	0	0	2	0	1
TRINITY_DN137085_c7_g9_i1	0	2	0	0	58	1
TRINITY_DN145368_c2_g1_i6	14	0	0	0	0	9
TRINITY_DN143683_c0_g2_i1	18	0	23	0	0	2
TRINITY_DN140548_c3_g1_i13	2	0	0	0	0	24
TRINITY_DN144708_c3_g1_i8	0	1	6	47	0	9
TRINITY_DN137498_c4_g3_i2	1	0	8	0	0	2
TRINITY_DN142782_c2_g5_i1	12	0	2	269	0	12
TRINITY_DN140778_c1_g2_i2	0	0	0	2	0	1
TRINITY_DN139322_c2_g1_i2	2	22	2	15	0	3
TRINITY_DN142193_c5_g3_i1	10	0	3	0	0	9
TRINITY_DN136830_c1_g2_i3	0	6	1	0	0	1
TRINITY_DN141402_c0_g1_i6	2	0	3	0	0	1
TRINITY_DN145196_c4_g1_i3	25	0	0	0	0	41
TRINITY_DN140501_c9_g2_i6	0	0	1	0	0	3
TRINITY_DN139138_c8_g2_i2	1	0	3	29	0	0
TRINITY_DN144684_c6_g1_i1	2	0	1	0	0	10
TRINITY_DN143076_c3_g4_i1	1	0	2	0	0	5
TRINITY_DN139573_c2_g5_i1	4	0	0	0	15	0
TRINITY_DN145220_c4_g2_i1	0	0	5	0	0	21
TRINITY_DN137096_c3_g3_i1	2	0	0	1	0	4
TRINITY_DN613632_c0_g1_i1	1	0	2	3	0	0
TRINITY_DN142969_c1_g1_i4	1	0	0	1	0	0
TRINITY_DN143969_c1_g3_i2	2	50	0	58	0	5
TRINITY_DN140189_c2_g1_i6	3	0	0	0	0	0
TRINITY_DN138870_c2_g2_i1	0	0	1	0	0	3
TRINITY_DN145457_c2_g1_i4	8	0	0	2	0	17
TRINITY_DN141965_c3_g3_i1	3	1	8	0	0	0
TRINITY_DN144616_c7_g3_i15	37	19	3	70	0	60
TRINITY_DN131501_c1_g1_i1	1	0	0	0	0	2
TRINITY_DN140815_c0_g1_i1	0	10	2	14	0	1
TRINITY_DN141386_c1_g1_i1	4	0	4	0	3	2
TRINITY_DN145755_c3_g1_i6	3	0	0	0	0	5
TRINITY_DN140874_c2_g1_i6	1	0	1	15	0	3
TRINITY_DN145505_c4_g1_i3	9	0	3	1	0	9
TRINITY_DN137317_c0_g1_i3	1	23	7	5	0	6
TRINITY_DN141664_c0_g1_i4	0	0	2	1	0	1
TRINITY_DN137433_c2_g3_i3	0	0	2	0	0	3
TRINITY_DN139095_c1_g1_i2	0	21	4	0	0	5
TRINITY_DN143605_c1_g1_i8	2	0	1	1	17	0
TRINITY_DN145015_c0_g1_i2	0	0	2	0	0	9
TRINITY_DN145504_c2_g1_i6	1	0	0	36	0	3
TRINITY_DN142789_c0_g3_i1	1	0	4	15	0	4
TRINITY_DN142309_c15_g6_i1	3	0	0	1	0	0
TRINITY_DN137523_c1_g1_i2	0	0	3	0	0	2
TRINITY_DN140466_c1_g1_i9	0	82	1	0	0	4
TRINITY_DN142503_c9_g2_i8	2	0	0	0	1	0
TRINITY_DN144589_c0_g1_i1	0	0	0	0	0	1
TRINITY_DN1311661_c4_g1_i1	9	0	38	15	0	3
TRINITY_DN139429_c1_g2_i2	2	0	3	0	0	2
TRINITY_DN138955_c2_g1_i9	3	0	1	0	0	0
TRINITY_DN141567_c4_g1_i3	0	0	0	2	28	1
TRINITY_DN137525_c1_g1_i1	0	0	1	11	0	1
TRINITY_DN138674_c4_g1_i1	6	31	0	0	249	14
TRINITY_DN141725_c1_g2_i1	13	0	9	0	0	5
TRINITY_DN138920_c2_g1_i4	2	0	1	0	0	1
TRINITY_DN140877_c0_g1_i2	1	0	1	11	0	0
TRINITY_DN136526_c2_g1_i1	0	0	6	3	0	2
TRINITY_DN143018_c39_g5_i1	378	0	32	0	82	418
TRINITY_DN137476_c2_g1_i2	0	29	0	17	0	1
TRINITY_DN126565_c0_g1_i1	0	0	0	12	0	3
TRINITY_DN140621_c1_g1_i10	2	0	2	6	0	1
TRINITY_DN142393_c1_g4_i4	1	0	11	8	0	4
TRINITY_DN133536_c3_g2_i1	0	17	0	15	0	0
TRINITY_DN140755_c13_g1_i3	13	0	0	0	10	0
TRINITY_DN129941_c0_g1_i1	1	0	0	0	0	1
TRINITY_DN112016_c3_g1_i2	2	0	0	0	0	0
TRINITY_DN144722_c7_g1_i3	0	6	1	0	0	1
TRINITY_DN1090763_c3_g8_i1	3	196	0	0	0	1
TRINITY_DN143435_c1_g1_i2	2	0	0	0	14	0
TRINITY_DN142762_c3_g1_i2	3	0	0	1	0	1
TRINITY_DN143572_c3_g10_i1	398	0	97	32	489	9
TRINITY_DN145105_c3_g1_i9	0	1	2	1	0	0
TRINITY_DN142007_c2_g3_i5	1	0	0	7	0	3
TRINITY_DN138469_c1_g4_i1	0	0	1	1	0	1
TRINITY_DN610163_c2_g1_i1	6	0	0	0	0	18
TRINITY_DN143342_c3_g2_i1	0	0	9	0	0	10
TRINITY_DN131954_c0_g1_i1	1	0	1	14	0	1
TRINITY_DN137970_c6_g1_i2	0	61	3	1	0	0
TRINITY_DN143383_c0_g7_i1	0	0	5	2	0	181
TRINITY_DN138131_c3_g1_i8	1	0	2	6	0	0
TRINITY_DN139419_c1_g2_i1	7	0	0	0	0	3
TRINITY_DN137419_c4_g1_i1	6	0	1	15	0	6
TRINITY_DN142430_c0_g1_i1	1	1	0	1	0	0
TRINITY_DN144747_c1_g1_i11	7	0	0	0	0	0
TRINITY_DN145774_c5_g2_i5	9	0	4	0	12	130
TRINITY_DN144904_c4_g1_i4	6	0	0	202	0	7
TRINITY_DN136959_c1_g8_i1	0	0	1	2	0	1
TRINITY_DN141391_c4_g1_i17	3	0	0	0	0	3
TRINITY_DN140519_c2_g4_i2	4	0	0	0	5	0
TRINITY_DN143160_c5_g2_i8	0	73	8	0	0	11
TRINITY_DN145586_c1_g1_i1	104	0	0	0	0	4
TRINITY_DN145797_c2_g1_i2	12	0	0	11	0	11
TRINITY_DN145589_c0_g1_i5	8	219	33	0	0	17
TRINITY_DN144989_c8_g1_i2	8	0	0	31	0	1
TRINITY_DN133023_c1_g2_i1	1	3	2	5	0	1
TRINITY_DN144187_c0_g1_i10	0	0	0	21	0	4
TRINITY_DN145586_c1_g1_i2	8	0	1	0	0	2
TRINITY_DN143666_c5_g2_i2	4	17	8	40	0	6
TRINITY_DN137838_c5_g1_i14	1	0	2	5	0	3
TRINITY_DN145032_c1_g1_i3	0	0	1	14	0	0
TRINITY_DN144345_c0_g1_i3	0	0	12	0	0	1
TRINITY_DN137395_c12_g1_i1	7	0	0	3	38	0
TRINITY_DN145540_c21_g1_i1	634	504	185	13149	56	513
TRINITY_DN139592_c0_g1_i5	1	0	1	0	0	1
TRINITY_DN145522_c2_g1_i1	5	0	0	0	0	5
TRINITY_DN135893_c0_g2_i1	1	0	0	1	0	1
TRINITY_DN137231_c7_g2_i2	0	0	1	0	0	4
TRINITY_DN142230_c8_g1_i1	1	0	0	1	0	0
TRINITY_DN140995_c4_g5_i2	11	0	0	0	0	7
TRINITY_DN144733_c0_g1_i3	0	0	1	17	0	1
TRINITY_DN142267_c2_g1_i6	1	0	0	14	0	5
TRINITY_DN142761_c18_g2_i3	18	0	0	50	0	1
TRINITY_DN144009_c4_g2_i1	1	0	1	0	0	0
TRINITY_DN145229_c6_g2_i4	0	0	4	3	0	3
TRINITY_DN143744_c0_g2_i1	0	0	2	511	0	3
TRINITY_DN145228_c1_g1_i7	1	0	0	2	0	2
TRINITY_DN144632_c9_g1_i1	0	0	1	0	0	9
TRINITY_DN140764_c4_g1_i5	0	0	0	6	0	1
TRINITY_DN145700_c5_g7_i1	19	0	2	1810	0	0
TRINITY_DN140414_c2_g5_i1	0	0	23	0	0	4
TRINITY_DN145547_c13_g2_i1	1	0	2	0	0	1
TRINITY_DN136411_c1_g1_i1	0	0	2	2	0	4
TRINITY_DN145458_c3_g1_i15	0	0	4	0	0	20
TRINITY_DN141075_c3_g1_i1	17	25	0	1	0	4
TRINITY_DN134261_c1_g1_i1	0	5	1	1	0	2
TRINITY_DN137298_c3_g2_i2	0	0	3	1	0	2
TRINITY_DN140271_c2_g8_i1	1	0	0	1	0	2
TRINITY_DN145717_c0_g1_i3	0	1	3	0	0	4
TRINITY_DN136903_c2_g1_i6	0	0	0	5	0	3
TRINITY_DN144242_c3_g1_i3	2	0	0	35	0	0
TRINITY_DN138910_c3_g1_i2	2	0	1	0	0	1
TRINITY_DN143207_c1_g7_i1	0	0	1	0	0	2
TRINITY_DN144632_c9_g3_i1	47	0	19	0	0	32
TRINITY_DN143867_c72_g1_i1	55	0	4	0	1	36
TRINITY_DN138713_c3_g3_i11	0	0	2	0	0	1
TRINITY_DN142124_c1_g1_i9	0	0	3	0	0	3
TRINITY_DN144057_c3_g1_i1	5	0	0	33	4	0
TRINITY_DN140178_c3_g1_i4	3	6	0	11	0	0
TRINITY_DN143096_c2_g1_i1	79	6	8	4479	0	477
TRINITY_DN135950_c1_g1_i1	3	2	1	0	0	1
TRINITY_DN138537_c6_g1_i1	1	0	10	0	73	10
TRINITY_DN142363_c4_g1_i2	0	0	1	0	0	2
TRINITY_DN139143_c5_g2_i2	1	0	4	6	0	2
TRINITY_DN139650_c4_g2_i6	19	0	0	0	21	0
TRINITY_DN140874_c2_g1_i5	0	0	1	1	0	2
TRINITY_DN70273_c9_g4_i1	26	0	2	4	0	13
TRINITY_DN1312235_c0_g1_i1	0	0	7	0	14	0
TRINITY_DN610904_c6_g3_i1	1	0	0	2017	0	10
TRINITY_DN1157769_c1_g1_i1	7	0	0	19	0	1
TRINITY_DN139031_c2_g1_i4	1	0	1	0	0	1
TRINITY_DN142947_c0_g1_i3	1	0	0	0	4	0
TRINITY_DN145391_c5_g1_i9	0	0	0	126	8	8
TRINITY_DN149812_c2_g1_i1	0	0	7	19	0	0
TRINITY_DN144583_c2_g1_i5	1	0	0	0	0	11
TRINITY_DN140854_c2_g2_i11	1	0	0	0	0	1
TRINITY_DN140830_c1_g1_i1	0	0	0	4	0	1
TRINITY_DN141439_c1_g1_i2	1	0	1	0	0	0
TRINITY_DN140874_c2_g1_i4	0	0	6	0	0	2
TRINITY_DN144001_c5_g1_i7	36	55	6	13	0	8
TRINITY_DN144811_c2_g1_i3	43	0	0	0	0	8
TRINITY_DN136340_c0_g2_i3	0	0	4	2	0	1
TRINITY_DN143517_c4_g3_i1	1	0	3	0	0	4
TRINITY_DN144616_c7_g3_i3	0	0	0	1	0	7
TRINITY_DN141973_c7_g1_i9	1	0	0	1	0	0
TRINITY_DN141805_c2_g2_i1	0	0	1	3	0	2
TRINITY_DN143675_c6_g6_i1	0	1	2	0	0	1
TRINITY_DN143831_c3_g2_i1	0	0	1	0	3	0
TRINITY_DN140427_c2_g1_i2	0	0	0	3	0	1
TRINITY_DN853197_c6_g1_i1	2	0	1	0	133	3
TRINITY_DN141378_c0_g1_i1	4	0	1	0	0	5
TRINITY_DN143775_c12_g5_i4	4	0	1	19	0	14
TRINITY_DN142879_c18_g1_i2	1	2	79	2	0	66
TRINITY_DN139437_c0_g2_i4	0	0	1	0	0	2
TRINITY_DN143804_c1_g1_i1	3	0	2	0	0	6
TRINITY_DN137585_c1_g1_i3	1	0	4	0	0	3
TRINITY_DN137986_c0_g7_i1	0	0	1	22	0	3
TRINITY_DN144978_c2_g1_i8	27	4	1	0	0	6
TRINITY_DN138764_c4_g1_i2	2	0	0	0	0	7
TRINITY_DN142088_c0_g3_i1	16	0	0	0	4	0
TRINITY_DN144975_c2_g1_i1	0	0	18	0	0	2
TRINITY_DN135926_c1_g2_i2	0	7	0	0	0	9
TRINITY_DN145075_c9_g1_i1	7	0	7	0	0	29
TRINITY_DN1091626_c0_g1_i1	5	0	1	127	0	66
TRINITY_DN141543_c1_g5_i5	1	0	0	4	0	2
TRINITY_DN144453_c1_g1_i2	37	0	1	0	0	0
TRINITY_DN140586_c3_g1_i1	0	0	0	1	0	19
TRINITY_DN140927_c1_g3_i3	0	0	6	3	0	1
TRINITY_DN144962_c8_g1_i14	1	0	1	0	0	0
TRINITY_DN385865_c1_g1_i1	34	0	1	0	0	1
TRINITY_DN138078_c2_g1_i1	1	0	0	0	0	3
TRINITY_DN137476_c2_g1_i1	1	89	2	5	0	3
TRINITY_DN135918_c3_g1_i8	0	0	0	5	0	19
TRINITY_DN145588_c7_g1_i3	1	0	0	4	0	0
TRINITY_DN383880_c0_g1_i1	0	0	0	0	0	3
TRINITY_DN142046_c4_g5_i3	1	15	9	0	0	30
TRINITY_DN144217_c2_g5_i2	2	3	0	0	15	0
TRINITY_DN144270_c3_g1_i3	0	0	1	1	0	1
TRINITY_DN143227_c3_g4_i4	27	0	5	0	0	2
TRINITY_DN1312543_c0_g2_i1	7	18	0	0	0	32
TRINITY_DN138920_c2_g1_i6	0	0	0	1	0	2
TRINITY_DN143218_c3_g1_i1	3	0	2	0	2	19
TRINITY_DN144446_c3_g2_i1	37	0	0	0	0	3
TRINITY_DN145711_c5_g1_i1	0	0	1	4	0	1
TRINITY_DN138995_c5_g2_i3	0	0	5	11	0	2
TRINITY_DN144933_c6_g1_i2	0	0	0	1	0	715
TRINITY_DN138732_c2_g3_i3	0	0	0	3	0	1
TRINITY_DN144142_c2_g1_i4	1	0	1	0	0	4
TRINITY_DN393743_c0_g1_i1	1	0	2	1	0	0
TRINITY_DN142175_c5_g5_i2	1	0	49	5	0	4
TRINITY_DN141295_c1_g1_i1	1	0	0	0	0	2
TRINITY_DN133130_c0_g2_i1	34	0	0	0	40	0
TRINITY_DN142380_c10_g1_i2	0	0	2	0	0	3
TRINITY_DN144460_c2_g1_i7	25	0	3	1	4	0
TRINITY_DN145333_c0_g3_i1	1	0	2	0	0	2
TRINITY_DN137936_c2_g1_i5	0	0	3	7	0	2
TRINITY_DN138695_c4_g3_i2	1	0	3	0	0	1
TRINITY_DN144763_c6_g1_i8	8	0	0	0	0	3
TRINITY_DN138128_c1_g2_i5	0	0	1	3	0	3
TRINITY_DN145429_c4_g2_i3	21	0	0	0	0	52
TRINITY_DN140501_c9_g2_i7	1	0	0	1	0	0
TRINITY_DN140488_c3_g3_i1	0	0	3	3	0	4
TRINITY_DN384881_c0_g2_i1	0	0	0	0	4	1
TRINITY_DN145195_c12_g1_i1	0	23	10	0	0	8
TRINITY_DN138881_c2_g4_i1	0	0	2	1	0	1
TRINITY_DN144179_c5_g1_i2	5	0	1	0	0	2
TRINITY_DN143231_c5_g1_i2	2	62	1	92	0	11
TRINITY_DN142128_c1_g2_i2	1	0	0	0	0	23
TRINITY_DN1314811_c2_g1_i1	1	0	0	0	30	0
TRINITY_DN138318_c6_g1_i1	17	0	0	0	4	0
TRINITY_DN142732_c4_g1_i2	0	0	1	0	0	1
TRINITY_DN141789_c6_g7_i2	10	0	0	0	23	0
TRINITY_DN134023_c3_g2_i2	1	0	1	0	0	0
TRINITY_DN142245_c1_g2_i2	0	0	1	2	0	3
TRINITY_DN126526_c0_g2_i1	3	0	0	0	0	1